season,manager,phase,player_raw,player,pos,team,price,fpl_points,fpl_minutes,matched
2016-17,Ambrose,settled,Mkhitaryan,Mkhitaryan,MID,,400,73,1348,yes
2016-17,Ambrose,settled,De Bruyne,De Bruyne,MID,,360,199,2877,yes
2016-17,Ambrose,settled,Willian,Willian,MID,,275,114,1534,yes
2016-17,Ambrose,settled,Willian,Willian,MID,,200,114,1534,yes
2016-17,Ambrose,settled,Lamela,Lamela,MID,,120,28,595,yes
2016-17,Ambrose,settled,Lloris,Lloris,GK,,100,143,3004,yes
2016-17,Ambrose,settled,A Williams,Williams,DEF,,100,127,3160,yes
2016-17,Ambrose,settled,Rooney,Rooney,FWD,,100,76,1540,yes
2016-17,Ambrose,settled,Nolito,Nolito,MID,,100,54,777,yes
2016-17,Ambrose,settled,Clyne,Clyne,DEF,,35,129,3323,yes
2016-17,Ambrose,settled,Martial,Martial,MID,,26,95,1553,yes
2016-17,Ambrose,settled,A Gray,Gray,FWD,,8,108,2260,yes
2016-17,Ambrose,settled,Rondon,Rondón,FWD,,7,118,2892,yes
2016-17,Ambrose,settled,Forster,Forster,GK,,2,134,3420,yes
2016-17,Ambrose,settled,Simpson,Simpson,DEF,,1,85,2988,yes
2016-17,Ambrose,settled,D Sakho,Sakho,FWD,,1,12,181,yes
2016-17,Ambrose,settled,Gundogan,Gündogan,MID,,1,41,704,yes
2016-17,Ambrose,settled,Gabriel,Gabriel,DEF,,1,45,1517,yes
2016-17,Arj,settled,Zlatan,Ibrahimovic,FWD,,510,163,2438,yes
2016-17,Arj,settled,Hazard,Hazard,MID,,430,224,2985,yes
2016-17,Arj,settled,Eriksen,Eriksen,MID,,260,218,3159,yes
2016-17,Arj,settled,Payet,Payet,MID,,240,81,1513,yes
2016-17,Arj,settled,Slimani,Slimani,FWD,,175,83,1281,yes
2016-17,Arj,settled,Tadic,Tadic,MID,,130,108,2411,yes
2016-17,Arj,settled,Coutinho,Coutinho,MID,,100,171,2228,yes
2016-17,Arj,settled,Rose,Rose,DEF,,55,84,1530,yes
2016-17,Arj,settled,Fuchs,Fuchs,DEF,,50,104,3103,yes
2016-17,Arj,settled,van Dijk,van Dijk,DEF,,40,75,1852,yes
2016-17,Arj,settled,Long,Long,FWD,,30,57,1262,yes
2016-17,Arj,settled,Zouma,Zouma,DEF,,21,15,250,yes
2016-17,Arj,settled,Foster,Foster,GK,,1,113,3420,yes
2016-17,Arj,settled,Origi,Origi,FWD,,1,96,1469,yes
2016-17,Arj,settled,Success,Success,MID,,1,28,519,yes
2016-17,Arj,settled,A Valencia,Valencia,DEF,,1,120,2483,yes
2016-17,Arj,settled,Mustafi,Mustafi,DEF,,1,90,2274,yes
2016-17,Arj,settled,Karius,Karius,GK,,1,32,900,yes
2016-17,Lakshman,settled,Kane,Kane,FWD,,430,224,2523,yes
2016-17,Lakshman,settled,Aguero,Agüero,FWD,,410,175,2404,yes
2016-17,Lakshman,settled,Mahrez,Mahrez,MID,,270,120,2826,yes
2016-17,Lakshman,settled,Courtois,Courtois,GK,,170,141,3240,yes
2016-17,Lakshman,settled,Bailly,Bailly,DEF,,150,105,2058,yes
2016-17,Lakshman,settled,Sagna,Sagna,DEF,,100,55,1346,yes
2016-17,Lakshman,settled,A Ayew,Ayew,MID,,100,89,1439,yes
2016-17,Lakshman,settled,Snodgrass,Snodgrass,MID,,40,133,2548,yes
2016-17,Lakshman,settled,Kompany,Kompany,DEF,,26,57,820,yes
2016-17,Lakshman,settled,Mata,Mata,MID,,10,102,1614,yes
2016-17,Lakshman,settled,Bertrand,Bertrand,DEF,,7,123,2507,yes
2016-17,Lakshman,settled,Shawcross,Shawcross,DEF,,6,94,3150,yes
2016-17,Lakshman,settled,Cedric,Cédric,DEF,,3,102,2515,yes
2016-17,Lakshman,settled,A Hernandez,Hernández,FWD,,1,72,1425,yes
2016-17,Lakshman,settled,Henderson,Henderson,MID,,1,73,2116,yes
2016-17,Lakshman,settled,Xhaka,Xhaka,MID,,1,85,2483,yes
2016-17,Lakshman,settled,Walcott,Walcott,MID,,1,122,1916,yes
2016-17,Lakshman,settled,Luiz,David Luiz,DEF,,1,132,2954,yes
2016-17,Margit,settled,Bellerin,Bellerín,DEF,,270,119,2503,yes
2016-17,Margit,settled,Vardy,Vardy,FWD,,260,161,2801,yes
2016-17,Margit,settled,Allen,Allen,MID,,201,118,2930,yes
2016-17,Margit,settled,Barkley,Barkley,MID,,170,144,2900,yes
2016-17,Margit,settled,Cech,Cech,GK,,150,134,3097,yes
2016-17,Margit,settled,Azpilicueta,Azpilicueta,DEF,,140,170,3420,yes
2016-17,Margit,settled,Fonte,Fonte,DEF,,100,98,2934,yes
2016-17,Margit,settled,Defoe,Defoe,FWD,,100,166,3322,yes
2016-17,Margit,settled,Vertonghen,Vertonghen,DEF,,51,126,2894,yes
2016-17,Margit,settled,Kolarov,Kolarov,DEF,,43,95,2535,yes
2016-17,Margit,settled,Bolasie,Bolasie,MID,,36,45,1048,yes
2016-17,Margit,settled,C Wilson,Marc Wilson,DEF,,35,0,255,yes
2016-17,Margit,settled,Janssen,Janssen,FWD,,29,55,845,yes
2016-17,Margit,settled,Kante,Kanté,MID,,19,83,3138,yes
2016-17,Margit,settled,Berahino,Berahino,FWD,,3,26,963,yes
2016-17,Margit,settled,Kouyate,Kouyaté,MID,,1,79,2723,yes
2016-17,Margit,settled,Stanislas,Stanislas,MID,,1,107,1467,yes
2016-17,Margit,settled,Monreal,Monreal,DEF,,1,115,3153,yes
2016-17,Milo,settled,Ozil,Özil,MID,,240,167,2841,yes
2016-17,Milo,settled,Koscielny,Koscielny,DEF,,210,121,2821,yes
2016-17,Milo,settled,Giroud,Giroud,FWD,,190,116,1206,yes
2016-17,Milo,settled,Shaw,Shaw,DEF,,180,45,688,yes
2016-17,Milo,settled,Silva,Silva,MID,,150,130,2760,yes
2016-17,Milo,settled,Shaqiri,Shaqiri,MID,,140,80,1699,yes
2016-17,Milo,settled,Ighalo,Ighalo,FWD,,140,39,1291,yes
2016-17,Milo,settled,Stones,Stones,DEF,,120,59,2014,yes
2016-17,Milo,settled,Schmeichel,Schmeichel,GK,,110,109,2666,yes
2016-17,Milo,settled,Wijnaldum,Wijnaldum,MID,,110,149,2974,yes
2016-17,Milo,settled,Sterling,Sterling,MID,,80,149,2509,yes
2016-17,Milo,settled,Vokes,Vokes,FWD,,26,121,2064,yes
2016-17,Milo,settled,Oscar,Oscar,MID,,6,17,455,yes
2016-17,Milo,settled,Cabaye,Cabaye,MID,,5,91,2125,yes
2016-17,Milo,settled,Huth,Huth,DEF,,2,88,2926,yes
2016-17,Milo,settled,Rashford,Rashford,FWD,,1,76,1712,yes
2016-17,Milo,settled,Darmian,Darmian,DEF,,1,70,1333,yes
2016-17,Milo,settled,De Gea,de Gea,GK,,1,136,3150,yes
2016-17,Robbie,settled,Alexis,Sánchez,MID,,390,264,3217,yes
2016-17,Robbie,settled,M Alonso,Alonso,DEF,,270,177,2693,yes
2016-17,Robbie,settled,Alli,Alli,MID,,190,225,3036,yes
2016-17,Robbie,settled,Firmino,Firmino,MID,,160,180,3062,yes
2016-17,Robbie,settled,Coleman,Coleman,DEF,,150,133,2316,yes
2016-17,Robbie,settled,Sigurdsson,Sigurdsson,MID,,140,181,3327,yes
2016-17,Robbie,settled,Butland,Butland,GK,,110,20,450,yes
2016-17,Robbie,settled,Antonio,Antonio,MID,,75,132,2433,yes
2016-17,Robbie,settled,Benteke,Christian Benteke,FWD,,60,136,3131,yes
2016-17,Robbie,settled,Negredo,Negredo,FWD,,45,130,2872,yes
2016-17,Robbie,settled,Redmond,Redmond,MID,,20,126,2898,yes
2016-17,Robbie,settled,Carroll,Carroll,FWD,,3,69,1312,yes
2016-17,Robbie,settled,Morgan,Morgan,DEF,,2,63,2430,yes
2016-17,Robbie,settled,Austin,Austin,FWD,,1,62,934,yes
2016-17,Robbie,settled,Musa,Musa,FWD,,1,39,761,yes
2016-17,Robbie,settled,Daniels,Daniels,DEF,,1,134,3060,yes
2016-17,Robbie,settled,Matip,Matip,DEF,,1,97,2457,yes
2016-17,Robbie,settled,Heaton,Heaton,GK,,1,149,3150,yes
2016-17,Varun,settled,Pogba,Pogba,MID,,260,115,2608,yes
2016-17,Varun,settled,Lukaku,Lukaku,FWD,,260,221,3266,yes
2016-17,Varun,settled,Alderweireld,Alderweireld,DEF,,190,120,2601,yes
2016-17,Varun,settled,Baines,Baines,DEF,,150,135,2819,yes
2016-17,Varun,settled,Walker,Walker,DEF,,150,142,2701,yes
2016-17,Varun,settled,Costa,Costa,FWD,,140,196,3083,yes
2016-17,Varun,settled,Stekelenburg,Stekelenburg,GK,,130,68,1683,yes
2016-17,Varun,settled,Deeney,Deeney,FWD,,120,130,2944,yes
2016-17,Varun,settled,Ramsey,Ramsey,MID,,100,56,1236,yes
2016-17,Varun,settled,Mane,Mané,MID,,100,156,2242,yes
2016-17,Varun,settled,Arnautovic,Arnautovic,MID,,100,117,2713,yes
2016-17,Varun,settled,Lallana,Lallana,MID,,50,139,2338,yes
2016-17,Varun,settled,Otamendi,Otamendi,DEF,,29,100,2592,yes
2016-17,Varun,settled,Cahill,Cahill,DEF,,17,178,3296,yes
2016-17,Varun,settled,Albrighton,Albrighton,MID,,10,95,2412,yes
2016-17,Varun,settled,Boruc,Boruc,GK,,3,120,3150,yes
2016-17,Varun,settled,Noble,Noble,MID,,1,71,2389,yes
2016-17,Varun,settled,Chadli,Chadli,MID,,1,110,2135,yes
2017-18,Ambrose,settled,Lacazette,Lacazette,FWD,,470,138,2197,yes
2017-18,Ambrose,settled,De Bruyne,De Bruyne,MID,,400,209,3073,yes
2017-18,Ambrose,settled,Mkhitaryan,Mkhitaryan,MID,,300,107,1712,yes
2017-18,Ambrose,auction,Martial,Martial,MID,,290,125,1572,yes
2017-18,Ambrose,settled,Sané,Sané,MID,,200,179,2415,yes
2017-18,Ambrose,settled,Chicharito,Chicharito,FWD,,200,93,1537,yes
2017-18,Ambrose,settled,Mata,Mata,MID,,100,100,1919,yes
2017-18,Ambrose,settled,De Gea,De Gea,GK,,85,172,3330,yes
2017-18,Ambrose,settled,Courtois,Courtois,GK,,60,136,3150,yes
2017-18,Ambrose,rebid,Arnautovic,Arnautovic,MID,,46,144,2309,yes
2017-18,Ambrose,rebid,Kenny,Kenny,DEF,,45,50,1589,yes
2017-18,Ambrose,settled,Valencia,Valencia,DEF,,40,146,2741,yes
2017-18,Ambrose,rebid,Forster,Forster,GK,,5,73,1800,yes
2017-18,Ambrose,rebid,Gomez,Gomez,DEF,,5,86,1901,yes
2017-18,Ambrose,auction,Pickford,Pickford,GK,,1,145,3420,yes
2017-18,Ambrose,auction,Christensen,Christensen,DEF,,1,79,2067,yes
2017-18,Ambrose,auction,Pedro,Pedro,MID,,1,81,1511,yes
2017-18,Ambrose,rebid,Matip,Matip,DEF,,1,81,1995,yes
2017-18,Ambrose,rebid,Benteke,Benteke,FWD,,1,84,2234,yes
2017-18,Ambrose,rebid,Callum Wilson,Wilson,FWD,,1,102,1981,yes
2017-18,Ambrose,settled,Rüdiger,Rüdiger,DEF,,1,115,2336,yes
2017-18,Ambrose,settled,Knockaert,Knockaert,MID,,1,88,2415,yes
2017-18,Ambrose,settled,Gayle,Gayle,FWD,,1,94,1946,yes
2017-18,Ambrose,settled,Clyne,Clyne,DEF,,1,7,173,yes
2017-18,Ambrose,settled,Danilo,Danilo,DEF,,1,100,1340,yes
2017-18,Ambrose,settled,Matip,Matip,DEF,,1,81,1995,yes
2017-18,Dinesh,settled,Morata,Morata,FWD,,420,122,2055,yes
2017-18,Dinesh,settled,Jesus,Jesus,FWD,,380,126,1660,yes
2017-18,Dinesh,settled,Eriksen,Eriksen,MID,,320,199,3218,yes
2017-18,Dinesh,settled,Zaha,Zaha,MID,,220,136,2549,yes
2017-18,Dinesh,settled,Rashford,Rashford,FWD,,220,104,1799,yes
2017-18,Dinesh,rebid,Lingard,Lingard,MID,,215,128,1807,yes
2017-18,Dinesh,auction,Bellerín,Bellerín,DEF,,200,132,3050,yes
2017-18,Dinesh,settled,David Luiz,David Luiz,DEF,,140,32,838,yes
2017-18,Dinesh,settled,Bellerín,Bellerín,DEF,,110,132,3050,yes
2017-18,Dinesh,auction,Vertonghen,Vertonghen,DEF,,95,138,3203,yes
2017-18,Dinesh,settled,Lindelöf,Lindelöf,DEF,,70,47,1284,yes
2017-18,Dinesh,auction,Doucouré,Doucouré,MID,,65,136,3324,yes
2017-18,Dinesh,settled,Lloris,Lloris,GK,,65,144,3240,yes
2017-18,Dinesh,auction,Courtois,Courtois,GK,,60,136,3150,yes
2017-18,Dinesh,rebid,Trippier,Trippier,DEF,,55,113,1912,yes
2017-18,Dinesh,auction,Welbeck,Welbeck,FWD,,50,70,1178,yes
2017-18,Dinesh,auction,Lloris,Lloris,GK,,47,144,3240,yes
2017-18,Dinesh,auction,Yoshida,Yoshida,DEF,,47,76,2049,yes
2017-18,Dinesh,rebid,Groß,Groß,MID,,30,164,2928,yes
2017-18,Dinesh,auction,Mustafi,Mustafi,DEF,,25,109,2272,yes
2017-18,Dinesh,auction,Son,Son,MID,,5,178,2292,yes
2017-18,Dinesh,rebid,Ryan,Ryan,GK,,1,146,3420,yes
2017-18,Dinesh,rebid,Xhaka,Xhaka,MID,,1,109,3259,yes
2017-18,Dinesh,rebid,Allen,Allen,MID,,1,109,3139,yes
2017-18,Dinesh,rebid,Calvert-Lewin,Calvert-Lewin,FWD,,1,88,1871,yes
2017-18,Dinesh,settled,Zouma,Zouma,DEF,,1,87,2887,yes
2017-18,Dinesh,settled,Herrera,Herrera,MID,,1,44,1257,yes
2017-18,Dinesh,settled,Fuchs,Fuchs,DEF,,1,57,1917,yes
2017-18,Dinesh,settled,Barkley,Barkley,MID,,1,3,129,yes
2017-18,Dinesh,settled,Mahrez,Mahrez,MID,,1,195,2948,yes
2017-18,Dinesh,settled,Boruc,Boruc,GK,,1,0,0,yes
2017-18,Farhaan,auction,Jesus,Jesus,FWD,,510,126,1660,yes
2017-18,Farhaan,settled,Agüero,Agüero,FWD,,400,169,1960,yes
2017-18,Farhaan,settled,Özil,Özil,MID,,340,112,2161,yes
2017-18,Farhaan,settled,Iheanacho,Iheanacho,FWD,,170,54,818,yes
2017-18,Farhaan,auction,Chicharito,Chicharito,FWD,,150,93,1537,yes
2017-18,Farhaan,settled,Son,Son,MID,,150,178,2292,yes
2017-18,Farhaan,rebid,Wilshere,Wilshere,MID,,145,46,1185,yes
2017-18,Farhaan,auction,Alderweireld,Alderweireld,DEF,,100,43,1177,yes
2017-18,Farhaan,auction,Mata,Mata,MID,,100,100,1919,yes
2017-18,Farhaan,rebid,van Dijk,van Dijk,DEF,,100,78,2253,yes
2017-18,Farhaan,settled,Wijnaldum,Wijnaldum,MID,,100,85,2381,yes
2017-18,Farhaan,settled,Cech,Cech,GK,,63,124,3039,yes
2017-18,Farhaan,rebid,Courtois,Courtois,GK,,62,136,3150,yes
2017-18,Farhaan,auction,Stones,Stones,DEF,,50,70,1301,yes
2017-18,Farhaan,auction,Diouf,Diouf,FWD,,50,99,2592,yes
2017-18,Farhaan,settled,Kolasinac,Kolasinac,DEF,,50,108,2146,yes
2017-18,Farhaan,auction,Smalling,Smalling,DEF,,45,123,2535,yes
2017-18,Farhaan,rebid,Carroll,Carroll,FWD,,35,36,742,yes
2017-18,Farhaan,auction,Mahrez,Mahrez,MID,,20,195,2948,yes
2017-18,Farhaan,settled,Cahill,Cahill,DEF,,20,74,2082,yes
2017-18,Farhaan,rebid,Mustafi,Mustafi,DEF,,10,109,2272,yes
2017-18,Farhaan,settled,Deeney,Deeney,FWD,,10,73,1836,yes
2017-18,Farhaan,rebid,Okazaki,Okazaki,FWD,,6,76,1314,yes
2017-18,Farhaan,auction,Shaqiri,Shaqiri,MID,,1,155,3039,yes
2017-18,Farhaan,auction,Brady,Brady,MID,,1,56,1277,yes
2017-18,Farhaan,rebid,Tomkins,Tomkins,DEF,,1,99,2386,yes
2017-18,Farhaan,settled,Milner,Milner,DEF,,1,77,1759,yes
2017-18,Farhaan,settled,Bakayoko,Bakayoko,MID,,1,77,2121,yes
2017-18,Farhaan,settled,van Aanholt,van Aanholt,DEF,,1,95,2182,yes
2017-18,Farhaan,settled,Xhaka,Xhaka,MID,,1,109,3259,yes
2017-18,Farhaan,settled,Moses,Moses,DEF,,1,131,2109,yes
2017-18,Farhaan,settled,Hart,Hart,GK,,1,59,1710,yes
2017-18,Lakshman,settled,Lukaku,Lukaku,FWD,,560,162,2866,yes
2017-18,Lakshman,settled,Mané,Mané,MID,,380,147,2189,yes
2017-18,Lakshman,settled,Alli,Alli,MID,,380,175,2957,yes
2017-18,Lakshman,auction,Monreal,Monreal,DEF,,260,130,2241,yes
2017-18,Lakshman,settled,Coutinho,Coutinho,MID,,200,103,1109,yes
2017-18,Lakshman,settled,Walker,Walker,DEF,,110,138,2784,yes
2017-18,Lakshman,settled,Alderweireld,Alderweireld,DEF,,100,43,1177,yes
2017-18,Lakshman,rebid,Davies,Davies,DEF,,85,143,2323,yes
2017-18,Lakshman,settled,Azpilicueta,Azpilicueta,DEF,,36,175,3330,yes
2017-18,Lakshman,auction,Sterling,Sterling,MID,,35,229,2584,yes
2017-18,Lakshman,settled,A Ayew,André Ayew,MID,,33,77,1834,yes
2017-18,Lakshman,auction,Pogba,Pogba,MID,,30,138,2145,yes
2017-18,Lakshman,settled,Trippier,Trippier,DEF,,14,113,1912,yes
2017-18,Lakshman,settled,Mustafi,Mustafi,DEF,,11,109,2272,yes
2017-18,Lakshman,rebid,Maguire,Maguire,DEF,,10,117,3420,yes
2017-18,Lakshman,rebid,Lössl,Lössl,GK,,8,135,3420,yes
2017-18,Lakshman,settled,Willian,Willian,MID,,2,130,1874,yes
2017-18,Lakshman,auction,Butland,Butland,GK,,1,125,3150,yes
2017-18,Lakshman,auction,Lössl,Lössl,GK,,1,135,3420,yes
2017-18,Lakshman,auction,Schindler,Schindler,DEF,,1,102,3264,yes
2017-18,Lakshman,auction,Fellaini,Fellaini,MID,,1,47,611,yes
2017-18,Lakshman,auction,Gray,Gray,FWD,,1,79,1486,yes
2017-18,Lakshman,rebid,Foster,Foster,GK,,1,123,3330,yes
2017-18,Lakshman,rebid,Mee,Mee,DEF,,1,90,2610,yes
2017-18,Lakshman,rebid,Chicharito,Chicharito,FWD,,1,93,1537,yes
2017-18,Lakshman,rebid,Diouf,Diouf,FWD,,1,99,2592,yes
2017-18,Lakshman,settled,Ederson,Ederson,GK,,1,158,3195,yes
2017-18,Lakshman,settled,Rooney,Rooney,FWD,,1,113,2265,yes
2017-18,Lakshman,settled,Llorente,Llorente,FWD,,1,22,224,yes
2017-18,Lakshman,settled,Butland,Butland,GK,,1,125,3150,yes
2017-18,Milo,settled,Hazard,Hazard,MID,,420,173,2417,yes
2017-18,Milo,auction,Salah,Salah,MID,,370,303,2905,yes
2017-18,Milo,settled,Salah,Salah,MID,,340,303,2905,yes
2017-18,Milo,auction,David Silva,David Silva,MID,,300,169,2431,yes
2017-18,Milo,auction,Agüero,Agüero,FWD,,300,169,1960,yes
2017-18,Milo,settled,Firmino,Firmino,FWD,,250,181,2760,yes
2017-18,Milo,settled,Pogba,Pogba,MID,,240,138,2145,yes
2017-18,Milo,settled,Costa,Costa,FWD,,200,0,0,yes
2017-18,Milo,auction,Bailly,Bailly,DEF,,190,55,1000,yes
2017-18,Milo,rebid,Son,Son,MID,,160,178,2292,yes
2017-18,Milo,rebid,Rooney,Rooney,FWD,,130,113,2265,yes
2017-18,Milo,rebid,Danilo,Danilo,DEF,,105,100,1340,yes
2017-18,Milo,settled,Phillips,Phillips,MID,,100,81,2087,yes
2017-18,Milo,auction,Davies,Davies,DEF,,95,143,2323,yes
2017-18,Milo,auction,Otamendi,Otamendi,DEF,,90,156,2966,yes
2017-18,Milo,rebid,Valencia,Valencia,DEF,,85,146,2741,yes
2017-18,Milo,settled,Vertonghen,Vertonghen,DEF,,60,138,3203,yes
2017-18,Milo,rebid,Pope,Pope,GK,,52,152,3114,yes
2017-18,Milo,auction,Jones,Jones,DEF,,50,116,1973,yes
2017-18,Milo,settled,Mendy,Mendy,DEF,,50,20,360,yes
2017-18,Milo,settled,Koscielny,Koscielny,DEF,,50,100,2225,yes
2017-18,Milo,settled,Bailly,Bailly,DEF,,50,55,1000,yes
2017-18,Milo,auction,Forster,Forster,GK,,45,73,1800,yes
2017-18,Milo,settled,Heaton,Heaton,GK,,30,8,305,yes
2017-18,Milo,auction,Ward,Ward,DEF,,10,102,2460,yes
2017-18,Milo,rebid,Young,Young,MID,,10,98,2444,yes
2017-18,Milo,auction,Schmeichel,Schmeichel,GK,,1,123,2965,yes
2017-18,Milo,auction,Ritchie,Ritchie,MID,,1,116,2802,yes
2017-18,Milo,auction,Groß,Groß,MID,,1,164,2928,yes
2017-18,Milo,auction,Wood,Wood,FWD,,1,104,1621,yes
2017-18,Milo,auction,Abraham,Abraham,FWD,,1,86,1715,yes
2017-18,Milo,rebid,Fabianski,Fabianski,GK,,1,157,3420,yes
2017-18,Milo,rebid,Depoitre,Depoitre,FWD,,1,94,1807,yes
2017-18,Milo,settled,van Dijk,van Dijk,DEF,,1,78,2253,yes
2017-18,Milo,settled,Pedro,Pedro,MID,,1,81,1511,yes
2017-18,Milo,settled,Benteke,Benteke,FWD,,1,84,2234,yes
2017-18,Milo,settled,Forster,Forster,GK,,1,73,1800,yes
2017-18,Robbie,settled,Kane,Kane,FWD,,470,217,3074,yes
2017-18,Robbie,settled,Sánchez,Sánchez,MID,,400,152,2546,yes
2017-18,Robbie,settled,Sigurdsson,Sigurdsson,MID,,340,96,2257,yes
2017-18,Robbie,auction,Firmino,Firmino,FWD,,270,181,2760,yes
2017-18,Robbie,settled,Alonso,Alonso,DEF,,200,165,2855,yes
2017-18,Robbie,auction,Richarlison,Richarlison,MID,,160,125,2817,yes
2017-18,Robbie,settled,J King,King,FWD,,80,110,2450,yes
2017-18,Robbie,auction,Ederson,Ederson,GK,,50,158,3195,yes
2017-18,Robbie,settled,Baines,Baines,DEF,,50,82,1909,yes
2017-18,Robbie,settled,Pickford,Pickford,GK,,22,145,3420,yes
2017-18,Robbie,settled,Kachunga,Kachunga,MID,,5,46,1327,yes
2017-18,Robbie,auction,Begovic,Begovic,GK,,1,112,3420,yes
2017-18,Robbie,rebid,Pickford,Pickford,GK,,1,145,3420,yes
2017-18,Robbie,rebid,Monreal,Monreal,DEF,,1,130,2241,yes
2017-18,Robbie,rebid,Robertson,Robertson,DEF,,1,111,1940,yes
2017-18,Robbie,rebid,Sigurdsson,Sigurdsson,MID,,1,96,2257,yes
2017-18,Robbie,rebid,Antonio,Antonio,MID,,1,62,1350,yes
2017-18,Robbie,rebid,Choupo-Moting,Choupo-Moting,MID,,1,107,2241,yes
2017-18,Robbie,settled,Bertrand,Bertrand,DEF,,1,103,3135,yes
2017-18,Robbie,settled,Daniels,Daniels,DEF,,1,94,3001,yes
2017-18,Robbie,settled,Antonio,Antonio,MID,,1,62,1350,yes
2017-18,Robbie,settled,Bernardo Silva,Bernardo Silva,MID,,1,112,1514,yes
2017-18,Robbie,settled,Rose,Rose,DEF,,1,24,800,yes
2017-18,Robbie,settled,Vardy,Vardy,FWD,,1,183,3248,yes
2017-18,Robbie,settled,Schmeichel,Schmeichel,GK,,1,123,2965,yes
2018-19,Alex,rebid,Lacazette,Lacazette,FWD,,700,166,2497,yes
2018-19,Alex,rebid,Alonso,Alonso,DEF,,590,161,2759,yes
2018-19,Alex,auction,Sterling,Sterling,MID,,550,234,2770,yes
2018-19,Alex,auction,Jesus,Jesus,FWD,,500,79,1017,yes
2018-19,Alex,auction,Lacazette,Lacazette,FWD,,300,166,2497,yes
2018-19,Alex,auction,David Silva,David Silva,MID,,260,143,2399,yes
2018-19,Alex,auction,Ramsey,Ramsey,MID,,240,91,1319,yes
2018-19,Alex,auction,Mahrez,Mahrez,MID,,200,102,1331,yes
2018-19,Alex,auction,Ward,Ward,DEF,,200,13,551,yes
2018-19,Alex,rebid,David Silva,David Silva,MID,,200,143,2399,yes
2018-19,Alex,rebid,Mahrez,Mahrez,MID,,200,102,1331,yes
2018-19,Alex,rebid,Zaha,Zaha,FWD,,200,143,3037,yes
2018-19,Alex,rebid,Azpilicueta,Azpilicueta,DEF,,200,158,3402,yes
2018-19,Alex,rebid,Rüdiger,Rüdiger,DEF,,200,116,2871,yes
2018-19,Alex,settled,David Silva,David Silva,MID,,200,143,2399,yes
2018-19,Alex,auction,Giroud,Giroud,FWD,,180,55,828,yes
2018-19,Alex,auction,Shaqiri,Shaqiri,MID,,120,88,1052,yes
2018-19,Alex,auction,Lascelles,Lascelles,DEF,,120,95,2745,yes
2018-19,Alex,rebid,Leno,Leno,GK,,110,106,2835,yes
2018-19,Alex,rebid,Morata,Morata,FWD,,100,46,936,yes
2018-19,Alex,rebid,Willian,Willian,MID,,100,108,2091,yes
2018-19,Alex,rebid,Pickford,Pickford,GK,,100,161,3420,yes
2018-19,Alex,settled,Morata,Morata,FWD,,100,46,936,yes
2018-19,Alex,rebid,Rose,Rose,DEF,,90,86,1792,yes
2018-19,Alex,settled,Rose,Rose,DEF,,90,86,1792,yes
2018-19,Alex,rebid,Keane,Keane,DEF,,80,129,2970,yes
2018-19,Alex,blind,Keane,Keane,DEF,,80,129,2970,yes
2018-19,Alex,settled,Keane,Keane,DEF,,80,129,2970,yes
2018-19,Alex,rebid,Townsend,Townsend,MID,,50,135,3007,yes
2018-19,Alex,rebid,Townsend,Townsend,MID,,50,135,3007,yes
2018-19,Alex,rebid,Pérez,Pérez,FWD,,30,141,2916,yes
2018-19,Alex,settled,Pérez,Pérez,FWD,,30,141,2916,yes
2018-19,Alex,rebid,Martial,Martial,MID,,20,122,1613,yes
2018-19,Alex,rebid,Milivojevic,Milivojevic,MID,,20,166,3420,yes
2018-19,Alex,rebid,Shaqiri,Shaqiri,MID,,20,88,1052,yes
2018-19,Alex,rebid,Keita,Keita,MID,,20,67,1385,yes
2018-19,Alex,settled,Martial,Martial,MID,,20,122,1613,yes
2018-19,Alex,settled,Milivojevic,Milivojevic,MID,,20,166,3420,yes
2018-19,Alex,auction,Sánchez,Sánchez,DEF,,10,78,1941,yes
2018-19,Alex,rebid,Townsend,Townsend,MID,,10,135,3007,yes
2018-19,Alex,rebid,Pickford,Pickford,GK,,10,161,3420,yes
2018-19,Alex,rebid,Wood,Wood,FWD,,10,131,2580,yes
2018-19,Alex,rebid,Sessegnon,Sessegnon,MID,,10,94,2291,yes
2018-19,Alex,rebid,Lamela,Lamela,MID,,10,67,965,yes
2018-19,Alex,rebid,Aurier,Aurier,DEF,,10,24,562,yes
2018-19,Alex,rebid,Iheanacho,Iheanacho,FWD,,10,58,924,yes
2018-19,Alex,rebid,Austin,Austin,FWD,,10,46,970,yes
2018-19,Alex,rebid,Austin,Austin,FWD,,10,46,970,yes
2018-19,Alex,blind,Pickford,Pickford,GK,,10,161,3420,yes
2018-19,Alex,settled,Townsend,Townsend,MID,,10,135,3007,yes
2018-19,Alex,settled,Pickford,Pickford,GK,,10,161,3420,yes
2018-19,Alex,auction,Mustafi,Mustafi,DEF,,1,80,2611,yes
2018-19,Alex,auction,Cech,Cech,GK,,1,24,585,yes
2018-19,Alex,auction,Zanka,Zanka,DEF,,1,67,2147,yes
2018-19,Alex,auction,Gomes,Gomes,GK,,1,0,0,yes
2018-19,Alex,rebid,Stones,Stones,DEF,,1,83,1761,yes
2018-19,Alex,rebid,Morrison,Morrison,DEF,,1,97,3039,yes
2018-19,Alex,rebid,Lössl,Lössl,GK,,1,99,2777,yes
2018-19,Alex,rebid,Kabasele,Kabasele,DEF,,1,36,1584,yes
2018-19,Alex,rebid,Rose,Rose,DEF,,1,86,1792,yes
2018-19,Alex,rebid,Cork,Cork,MID,,1,87,3312,yes
2018-19,Alex,rebid,Lössl,Lössl,GK,,1,99,2777,yes
2018-19,Alex,rebid,Coady,Coady,DEF,,1,94,3420,yes
2018-19,Alex,rebid,Bennett,Bennett,DEF,,1,89,3060,yes
2018-19,Alex,rebid,Banaba,Bamba,DEF,,1,95,2475,yes
2018-19,Alex,rebid,Chilwell,Chilwell,DEF,,1,118,3240,yes
2018-19,Alex,rebid,Morrison,Morrison,DEF,,1,97,3039,yes
2018-19,Alex,blind,Lossl,Lössl,GK,,1,99,2777,yes
2018-19,Alex,blind,Stones,Stones,DEF,,1,83,1761,yes
2018-19,Alex,blind,Morrison,Morrison,DEF,,1,97,3039,yes
2018-19,Alex,blind,Cedric,Cédric,DEF,,1,52,1493,yes
2018-19,Alex,settled,Stones,Stones,DEF,,1,83,1761,yes
2018-19,Alex,settled,Morrison,Morrison,DEF,,1,97,3039,yes
2018-19,Alex,settled,Lössl,Lössl,GK,,1,99,2777,yes
2018-19,Alex,settled,Kabasele,Kabasele,DEF,,1,36,1584,yes
2018-19,Alex,rebid,Lacazette,Lacazette,FWD,,,166,2497,yes
2018-19,Alex,rebid,Walcott,Walcott,MID,,,101,2108,yes
2018-19,Alex,rebid,Walcott,Walcott,MID,,,101,2108,yes
2018-19,Alex,rebid,Pickford,Pickford,GK,,,161,3420,yes
2018-19,Alex,rebid,Morrison,Morrison,DEF,,,97,3039,yes
2018-19,Alex,rebid,Kabasele,Kabasele,DEF,,,36,1584,yes
2018-19,Alex,rebid,Agüero,Agüero,FWD,,0,201,2457,yes
2018-19,Alex,rebid,Sterling,Sterling,MID,,0,234,2770,yes
2018-19,Alex,rebid,Lacazette,Lacazette,FWD,,0,166,2497,yes
2018-19,Alex,rebid,Firmino,Firmino,FWD,,0,160,2606,yes
2018-19,Alex,rebid,Mané,Mané,MID,,0,231,3076,yes
2018-19,Alex,rebid,Eriksen,Eriksen,MID,,0,161,2770,yes
2018-19,Alex,rebid,Martial,Martial,MID,,0,122,1613,yes
2018-19,Alex,rebid,Felipe Anderson,Felipe Anderson,MID,,0,155,3045,yes
2018-19,Alex,rebid,Azpilicueta,Azpilicueta,DEF,,,158,3402,yes
2018-19,Alex,rebid,Rüdiger,Rüdiger,DEF,,0,116,2871,yes
2018-19,Alex,rebid,Rose,Rose,DEF,,0,86,1792,yes
2018-19,Alex,rebid,Leno,Leno,GK,,,106,2835,yes
2018-19,Alex,rebid,Pickford,Pickford,GK,,,161,3420,yes
2018-19,Alex,settled,Lacazette,Lacazette,FWD,,,166,2497,yes
2018-19,Alex,settled,Walcott,Walcott,MID,,,101,2108,yes
2018-19,Arjav,rebid,Eriksen,Eriksen,MID,,850,161,2770,yes
2018-19,Arjav,auction,Aubameyang,Aubameyang,FWD,,800,205,2722,yes
2018-19,Arjav,auction,Agüero,Agüero,FWD,,700,201,2457,yes
2018-19,Arjav,rebid,Aubameyang,Aubameyang,FWD,,700,205,2722,yes
2018-19,Arjav,rebid,Aubameyang,Aubameyang,FWD,,700,205,2722,yes
2018-19,Arjav,auction,Mané,Mané,MID,,500,231,3076,yes
2018-19,Arjav,rebid,Martial,Martial,MID,,480,122,1613,yes
2018-19,Arjav,rebid,Son,Son,MID,,400,159,2033,yes
2018-19,Arjav,rebid,Son,Son,MID,,400,159,2033,yes
2018-19,Arjav,rebid,Ramsey,Ramsey,MID,,340,91,1319,yes
2018-19,Arjav,rebid,Chicharito,Chicharito,FWD,,290,86,1326,yes
2018-19,Arjav,auction,Mendy,Mendy,DEF,,210,59,900,yes
2018-19,Arjav,rebid,van Dijk,van Dijk,DEF,,200,208,3384,yes
2018-19,Arjav,rebid,Jota,Jota,MID,,200,139,2352,yes
2018-19,Arjav,rebid,van Dijk,van Dijk,DEF,,200,208,3384,yes
2018-19,Arjav,rebid,Maguire,Maguire,DEF,,175,92,2596,yes
2018-19,Arjav,auction,van Dijk,van Dijk,DEF,,150,208,3384,yes
2018-19,Arjav,auction,Bernardo Silva,Bernardo Silva,MID,,140,154,2849,yes
2018-19,Arjav,rebid,Jota,Jota,MID,,130,139,2352,yes
2018-19,Arjav,auction,Felipe Anderson,Felipe Anderson,MID,,110,155,3045,yes
2018-19,Arjav,auction,Alderweireld,Alderweireld,DEF,,100,107,2921,yes
2018-19,Arjav,rebid,Jonny,Jonny,DEF,,100,103,2772,yes
2018-19,Arjav,auction,Bailly,Bailly,DEF,,87,16,636,yes
2018-19,Arjav,rebid,Hennessey,Hennessey,GK,,75,67,1575,yes
2018-19,Arjav,rebid,Lascelles,Lascelles,DEF,,67,95,2745,yes
2018-19,Arjav,rebid,Rose,Rose,DEF,,60,86,1792,yes
2018-19,Arjav,rebid,Barnes,Barnes,MID,,55,43,1001,yes
2018-19,Arjav,auction,Maddison,Maddison,MID,,50,137,2831,yes
2018-19,Arjav,auction,Wilson,Wilson,FWD,,50,168,2528,yes
2018-19,Arjav,rebid,Dubravka,Dubravka,GK,,45,131,3420,yes
2018-19,Arjav,rebid,Giroud,Giroud,FWD,,40,55,828,yes
2018-19,Arjav,rebid,Davies,Davies,DEF,,30,66,1837,yes
2018-19,Arjav,rebid,Wood,Wood,FWD,,20,131,2580,yes
2018-19,Arjav,auction,Walcott,Walcott,MID,,10,101,2108,yes
2018-19,Arjav,auction,Digne,Digne,DEF,,1,158,2964,yes
2018-19,Arjav,auction,Dubravka,Dubravka,GK,,1,131,3420,yes
2018-19,Arjav,auction,Foster,Foster,GK,,1,129,3420,yes
2018-19,Arjav,rebid,Keita,Keita,MID,,1,67,1385,yes
2018-19,Arjav,rebid,Lingard,Lingard,MID,,1,78,1657,yes
2018-19,Arjav,rebid,Paterson,Paterson,MID,,1,80,1993,yes
2018-19,Arjav,rebid,Danilo,Danilo,DEF,,1,46,805,yes
2018-19,Arjav,rebid,Digne,Digne,DEF,,1,158,2964,yes
2018-19,Arjav,rebid,Dubravka,Dubravka,GK,,1,131,3420,yes
2018-19,Arjav,rebid,Ramsey,Ramsey,MID,,1,91,1319,yes
2018-19,Arjav,rebid,Antonio,Antonio,MID,,1,118,2093,yes
2018-19,Arjav,rebid,Chicharito,Chicharito,FWD,,1,86,1326,yes
2018-19,Arjav,rebid,Niasse,Niasse,FWD,,1,30,988,yes
2018-19,Arjav,rebid,Balbuena,Balbuena,DEF,,1,61,2013,yes
2018-19,Arjav,rebid,Jonny,Jonny,DEF,,1,103,2772,yes
2018-19,Arjav,rebid,Ryan,Ryan,GK,,1,104,3060,yes
2018-19,Arjav,rebid,Ings,Ings,FWD,,1,90,1650,yes
2018-19,Arjav,rebid,Lascelles,Lascelles,DEF,,1,95,2745,yes
2018-19,Arjav,rebid,Bertrand,Bertrand,DEF,,1,56,2160,yes
2018-19,Arjav,rebid,Ryan,Ryan,GK,,1,104,3060,yes
2018-19,Arjav,rebid,Gunn,Gunn,GK,,1,47,1080,yes
2018-19,Arjav,rebid,Aubameyang,Aubameyang,FWD,,,205,2722,yes
2018-19,Arjav,rebid,Agüero,Agüero,FWD,,,201,2457,yes
2018-19,Arjav,rebid,Sánchez,Sánchez,MID,,,47,869,yes
2018-19,Arjav,rebid,Firmino,Firmino,FWD,,,160,2606,yes
2018-19,Arjav,rebid,Eriksen,Eriksen,MID,,,161,2770,yes
2018-19,Arjav,rebid,Bernardo Silva,Bernardo Silva,MID,,,154,2849,yes
2018-19,Arjav,rebid,Felipe Anderson,Felipe Anderson,MID,,,155,3045,yes
2018-19,Arjav,rebid,Maddison,Maddison,MID,,,137,2831,yes
2018-19,Arjav,rebid,van Dijk,van Dijk,DEF,,,208,3384,yes
2018-19,Arjav,rebid,Mendy,Mendy,DEF,,,59,900,yes
2018-19,Arjav,rebid,Alderweireld,Alderweireld,DEF,,,107,2921,yes
2018-19,Arjav,rebid,Rüdiger,Rüdiger,DEF,,,116,2871,yes
2018-19,Arjav,rebid,Digne,Digne,DEF,,,158,2964,yes
2018-19,Arjav,rebid,Dubravka,Dubravka,GK,,,131,3420,yes
2018-19,Arjav,rebid,Foster,Foster,GK,,,129,3420,yes
2018-19,Arjav,rebid,Aubameyang,Aubameyang,FWD,,,205,2722,yes
2018-19,Arjav,rebid,Eriksen,Eriksen,MID,,,161,2770,yes
2018-19,Arjav,rebid,Son,Son,MID,,,159,2033,yes
2018-19,Arjav,rebid,van Dijk,van Dijk,DEF,,,208,3384,yes
2018-19,Arjav,rebid,Rüdiger,Rüdiger,DEF,,,116,2871,yes
2018-19,Arjav,settled,Aubameyang,Aubameyang,FWD,,,205,2722,yes
2018-19,Arjav,settled,Agüero,Agüero,FWD,,,201,2457,yes
2018-19,Arjav,settled,Sánchez,Sánchez,DEF,,,78,1941,yes
2018-19,Arjav,settled,Firmino,Firmino,FWD,,,160,2606,yes
2018-19,Arjav,settled,Eriksen,Eriksen,MID,,,161,2770,yes
2018-19,Arjav,settled,Bernardo Silva,Bernardo Silva,MID,,,154,2849,yes
2018-19,Arjav,settled,Felipe Anderson,Felipe Anderson,MID,,,155,3045,yes
2018-19,Arjav,settled,Maddison,Maddison,MID,,,137,2831,yes
2018-19,Arjav,settled,van Dijk,van Dijk,DEF,,,208,3384,yes
2018-19,Arjav,settled,Mendy,Mendy,MID,,,58,2085,yes
2018-19,Arjav,settled,Alderweireld,Alderweireld,DEF,,,107,2921,yes
2018-19,Arjav,settled,Rüdiger,Rüdiger,DEF,,,116,2871,yes
2018-19,Arjav,settled,Digne,Digne,DEF,,,158,2964,yes
2018-19,Arjav,settled,Dubravka,Dubravka,GK,,,131,3420,yes
2018-19,Arjav,settled,Foster,Foster,GK,,,129,3420,yes
2018-19,Chris,rebid,Hazard,Hazard,MID,,700,238,2918,yes
2018-19,Chris,rebid,Hazard,Hazard,MID,,700,238,2918,yes
2018-19,Chris,rebid,David Luiz,David Luiz,DEF,,666,164,3238,yes
2018-19,Chris,rebid,Batshuayi,Batshuayi,FWD,,620,48,748,yes
2018-19,Chris,auction,Firmino,Firmino,FWD,,500,160,2606,yes
2018-19,Chris,auction,Arnautovic,Arnautovic,FWD,,370,117,1988,yes
2018-19,Chris,rebid,Vardy,Vardy,FWD,,340,174,2726,yes
2018-19,Chris,settled,Vardy,Vardy,FWD,,340,174,2726,yes
2018-19,Chris,auction,Ederson,Ederson,GK,,310,169,3420,yes
2018-19,Chris,rebid,Alli,Alli,MID,,310,94,1822,yes
2018-19,Chris,rebid,Lingard,Lingard,MID,,310,78,1657,yes
2018-19,Chris,settled,Alli,Alli,MID,,310,94,1822,yes
2018-19,Chris,auction,Walker,Walker,DEF,,280,150,2776,yes
2018-19,Chris,rebid,Schlupp,Schlupp,DEF,,250,91,1660,yes
2018-19,Chris,auction,Davies,Davies,DEF,,240,66,1837,yes
2018-19,Chris,auction,Sigurdsson,Sigurdsson,MID,,220,182,3122,yes
2018-19,Chris,rebid,Deeney,Deeney,FWD,,220,116,2542,yes
2018-19,Chris,settled,Deeney,Deeney,FWD,,220,116,2542,yes
2018-19,Chris,rebid,Arnautovic,Arnautovic,FWD,,200,117,1988,yes
2018-19,Chris,rebid,Walker,Walker,DEF,,200,150,2776,yes
2018-19,Chris,rebid,Walker,Walker,DEF,,200,150,2776,yes
2018-19,Chris,rebid,Barnes,Barnes,FWD,,200,122,2378,yes
2018-19,Chris,auction,Groß,Groß,MID,,190,80,1864,yes
2018-19,Chris,rebid,Matip,Matip,DEF,,180,83,1535,yes
2018-19,Chris,rebid,Lindelöf,Lindelöf,DEF,,171,85,2600,yes
2018-19,Chris,auction,Rüdiger,Rüdiger,DEF,,120,116,2871,yes
2018-19,Chris,rebid,De Gea,de Gea,GK,,120,120,3420,yes
2018-19,Chris,rebid,Barnes,Barnes,FWD,,120,122,2378,yes
2018-19,Chris,settled,De Gea,de Gea,GK,,120,120,3420,yes
2018-19,Chris,auction,Tosun,Tosun,FWD,,100,56,1044,yes
2018-19,Chris,auction,Young,Young,DEF,,100,73,2568,yes
2018-19,Chris,rebid,Jonny,Jonny,DEF,,100,103,2772,yes
2018-19,Chris,rebid,Ederson,Ederson,GK,,100,169,3420,yes
2018-19,Chris,rebid,Snodgrass,Snodgrass,MID,,100,85,2215,yes
2018-19,Chris,rebid,Almiron,Almirón,MID,,100,28,758,yes
2018-19,Chris,rebid,Ederson,Ederson,GK,,100,169,3420,yes
2018-19,Chris,blind,Jonny,Jonny,DEF,,100,103,2772,yes
2018-19,Chris,settled,Jonny,Jonny,DEF,,100,103,2772,yes
2018-19,Chris,rebid,Willian,Willian,MID,,80,108,2091,yes
2018-19,Chris,rebid,Chilwell,Chilwell,DEF,,65,118,3240,yes
2018-19,Chris,blind,Chilwell,Chilwell,DEF,,65,118,3240,yes
2018-19,Chris,settled,Chilwell,Chilwell,DEF,,65,118,3240,yes
2018-19,Chris,auction,Martial,Martial,MID,,60,122,1613,yes
2018-19,Chris,rebid,Smalling,Smalling,DEF,,50,56,2127,yes
2018-19,Chris,settled,Smalling,Smalling,DEF,,50,56,2127,yes
2018-19,Chris,rebid,Schürrle,Schürrle,MID,,40,75,1638,yes
2018-19,Chris,settled,Schürrle,Schürrle,MID,,40,75,1638,yes
2018-19,Chris,rebid,Mkhitaryan,Mkhitaryan,MID,,20,98,1637,yes
2018-19,Chris,rebid,Heaton,Heaton,GK,,20,58,1710,yes
2018-19,Chris,settled,Mkhitaryan,Mkhitaryan,MID,,20,98,1637,yes
2018-19,Chris,rebid,Tielemans,Tielemans,MID,,15,63,1087,yes
2018-19,Chris,rebid,Pérez,Pérez,FWD,,10,141,2916,yes
2018-19,Chris,rebid,Knockaert,Knockaert,MID,,5,74,1828,yes
2018-19,Chris,auction,Brady,Brady,MID,,1,20,714,yes
2018-19,Chris,auction,Lovren,Lovren,DEF,,1,63,986,yes
2018-19,Chris,auction,Neves,Neves,MID,,1,104,3006,yes
2018-19,Chris,auction,Begovic,Begovic,GK,,1,63,2160,yes
2018-19,Chris,rebid,Groß,Groß,MID,,1,80,1864,yes
2018-19,Chris,rebid,Milner,Milner,MID,,1,101,1778,yes
2018-19,Chris,rebid,Lingard,Lingard,MID,,1,78,1657,yes
2018-19,Chris,rebid,Llorente,Llorente,FWD,,1,41,681,yes
2018-19,Chris,rebid,Lovren,Lovren,DEF,,1,63,986,yes
2018-19,Chris,rebid,Aké,Aké,DEF,,1,120,3411,yes
2018-19,Chris,rebid,Schär,Schär,DEF,,1,93,2000,yes
2018-19,Chris,rebid,Yedlin,Yedlin,DEF,,1,63,2472,yes
2018-19,Chris,rebid,Heaton,Heaton,GK,,1,58,1710,yes
2018-19,Chris,blind,Milner,Milner,MID,,1,101,1778,yes
2018-19,Chris,blind,Gross,Groß,MID,,1,80,1864,yes
2018-19,Chris,settled,Groß,Groß,MID,,1,80,1864,yes
2018-19,Chris,settled,Milner,Milner,MID,,1,101,1778,yes
2018-19,Chris,rebid,Arnautovic,Arnautovic,FWD,,,117,1988,yes
2018-19,Chris,rebid,Walker,Walker,DEF,,,150,2776,yes
2018-19,Chris,rebid,Ederson,Ederson,GK,,,169,3420,yes
2018-19,Chris,rebid,Bellerín,Bellerín,DEF,,,60,1532,yes
2018-19,Chris,rebid,Salah,Salah,MID,,,259,3254,yes
2018-19,Chris,rebid,Hazard,Hazard,MID,,,238,2918,yes
2018-19,Chris,rebid,Mané,Mané,MID,,,231,3076,yes
2018-19,Chris,rebid,Alli,Alli,MID,,,94,1822,yes
2018-19,Chris,rebid,Vardy,Vardy,FWD,,,174,2726,yes
2018-19,Chris,rebid,Arnautovic,Arnautovic,FWD,,,117,1988,yes
2018-19,Chris,rebid,Walker,Walker,DEF,,,150,2776,yes
2018-19,Chris,rebid,De Gea,de Gea,GK,,,120,3420,yes
2018-19,Chris,rebid,Vertonghen,Vertonghen,DEF,,,67,1911,yes
2018-19,Chris,rebid,Deeney,Deeney,FWD,,,116,2542,yes
2018-19,Chris,rebid,Ederson,Ederson,GK,,,169,3420,yes
2018-19,Chris,rebid,Milner,Milner,MID,,,101,1778,yes
2018-19,Chris,rebid,Keane,Keane,DEF,,,129,2970,yes
2018-19,Chris,rebid,Chilwell,Chilwell,DEF,,,118,3240,yes
2018-19,Chris,rebid,Gomez,Gomez,DEF,,,55,1059,yes
2018-19,Chris,settled,Arnautovic,Arnautovic,FWD,,,117,1988,yes
2018-19,Chris,settled,Walker,Walker,DEF,,,150,2776,yes
2018-19,Chris,settled,Ederson,Ederson,GK,,,169,3420,yes
2018-19,Chris,settled,Bellerín,Bellerín,DEF,,,60,1532,yes
2018-19,Cody,rebid,Mané,Mané,MID,,700,231,3076,yes
2018-19,Cody,rebid,Vertonghen,Vertonghen,DEF,,450,67,1911,yes
2018-19,Cody,rebid,Vardy,Vardy,FWD,,440,174,2726,yes
2018-19,Cody,rebid,Felipe Anderson,Felipe Anderson,MID,,430,155,3045,yes
2018-19,Cody,settled,Sigurdsson,Sigurdsson,MID,,420,182,3122,yes
2018-19,Cody,rebid,Vardy,Vardy,FWD,,400,174,2726,yes
2018-19,Cody,rebid,Azpilicueta,Azpilicueta,DEF,,300,158,3402,yes
2018-19,Cody,rebid,Laporte,Laporte,DEF,,300,177,3056,yes
2018-19,Cody,rebid,Chicharito,Chicharito,FWD,,300,86,1326,yes
2018-19,Cody,blind,Laporte,Laporte,DEF,,300,177,3056,yes
2018-19,Cody,settled,Azpilicueta,Azpilicueta,DEF,,300,158,3402,yes
2018-19,Cody,settled,Laporte,Laporte,DEF,,300,177,3056,yes
2018-19,Cody,rebid,Kepa,Kepa,GK,,250,142,3240,yes
2018-19,Cody,blind,Kepa,Kepa,GK,,250,142,3240,yes
2018-19,Cody,settled,Kepa,Kepa,GK,,250,142,3240,yes
2018-19,Cody,rebid,Ings,Ings,FWD,,245,90,1650,yes
2018-19,Cody,blind,Ings,Ings,FWD,,245,90,1650,yes
2018-19,Cody,settled,Ings,Ings,FWD,,245,90,1650,yes
2018-19,Cody,rebid,Knockaert,Knockaert,MID,,220,74,1828,yes
2018-19,Cody,blind,Knockaert,Knockaert,MID,,220,74,1828,yes
2018-19,Cody,settled,Knockaert,Knockaert,MID,,220,74,1828,yes
2018-19,Cody,rebid,Chilwell,Chilwell,DEF,,210,118,3240,yes
2018-19,Cody,rebid,Murray,Murray,FWD,,200,129,2501,yes
2018-19,Cody,rebid,Tielemans,Tielemans,MID,,200,63,1087,yes
2018-19,Cody,rebid,Sigurdsson,Sigurdsson,MID,,180,182,3122,yes
2018-19,Cody,rebid,Gomez,Gomez,DEF,,170,55,1059,yes
2018-19,Cody,blind,Gomez,Gomez,DEF,,170,55,1059,yes
2018-19,Cody,settled,Gomez,Gomez,DEF,,170,55,1059,yes
2018-19,Cody,auction,Smalling,Smalling,DEF,,140,56,2127,yes
2018-19,Cody,rebid,Shaqiri,Shaqiri,MID,,140,88,1052,yes
2018-19,Cody,rebid,Özil,Özil,MID,,140,89,1732,yes
2018-19,Cody,auction,Otamendi,Otamendi,DEF,,120,70,1233,yes
2018-19,Cody,rebid,Ramsey,Ramsey,MID,,120,91,1319,yes
2018-19,Cody,settled,Ramsey,Ramsey,MID,,120,91,1319,yes
2018-19,Cody,rebid,Wood,Wood,FWD,,110,131,2580,yes
2018-19,Cody,rebid,Leno,Leno,GK,,100,106,2835,yes
2018-19,Cody,rebid,David Luiz,David Luiz,DEF,,100,164,3238,yes
2018-19,Cody,rebid,Kolasinac,Kolasinac,DEF,,100,81,1886,yes
2018-19,Cody,rebid,Laporte,Laporte,DEF,,100,177,3056,yes
2018-19,Cody,rebid,Kepa,Kepa,GK,,100,142,3240,yes
2018-19,Cody,rebid,Laporte,Laporte,DEF,,100,177,3056,yes
2018-19,Cody,rebid,Kepa,Kepa,GK,,100,142,3240,yes
2018-19,Cody,blind,Leno,Leno,GK,,100,106,2835,yes
2018-19,Cody,settled,Leno,Leno,GK,,100,106,2835,yes
2018-19,Cody,rebid,Iheanacho,Iheanacho,FWD,,90,58,924,yes
2018-19,Cody,settled,Iheanacho,Iheanacho,FWD,,90,58,924,yes
2018-19,Cody,auction,Lloris,Lloris,GK,,86,145,2970,yes
2018-19,Cody,auction,Schmeichel,Schmeichel,GK,,75,120,3420,yes
2018-19,Cody,auction,Milivojevic,Milivojevic,MID,,60,166,3420,yes
2018-19,Cody,rebid,Schmeichel,Schmeichel,GK,,55,120,3420,yes
2018-19,Cody,auction,Moses,Moses,DEF,,50,2,26,yes
2018-19,Cody,rebid,Sánchez,Sánchez,MID,,50,47,869,yes
2018-19,Cody,auction,Gudmundsson,Gudmundsson,MID,,40,92,1743,yes
2018-19,Cody,rebid,Keita,Keita,MID,,40,67,1385,yes
2018-19,Cody,auction,Doucouré,Doucouré,MID,,30,124,3061,yes
2018-19,Cody,auction,Benteke,Benteke,FWD,,20,33,807,yes
2018-19,Cody,auction,Pérez,Pérez,FWD,,20,141,2916,yes
2018-19,Cody,rebid,Walcott,Walcott,MID,,20,101,2108,yes
2018-19,Cody,auction,Lingard,Lingard,MID,,10,78,1657,yes
2018-19,Cody,auction,Izquierdo,Izquierdo,MID,,10,31,789,yes
2018-19,Cody,auction,Barnes,Barnes,FWD,,1,122,2378,yes
2018-19,Cody,auction,Jones,Jones,DEF,,1,43,1261,yes
2018-19,Cody,auction,Mawson,Mawson,DEF,,1,19,1130,yes
2018-19,Cody,rebid,Koscielny,Koscielny,DEF,,1,62,1329,yes
2018-19,Cody,rebid,Reid,Reid,FWD,,1,80,1413,yes
2018-19,Cody,rebid,Ward-Prowse,Ward-Prowse,MID,,1,94,1940,yes
2018-19,Cody,rebid,Lössl,Lössl,GK,,1,99,2777,yes
2018-19,Cody,rebid,Murray,Murray,FWD,,,129,2501,yes
2018-19,Cody,rebid,Pedro,Pedro,MID,,,112,1768,yes
2018-19,Cody,rebid,Gudmundsson,Gudmundsson,MID,,,92,1743,yes
2018-19,Cody,rebid,Mustafi,Mustafi,DEF,,,80,2611,yes
2018-19,Cody,rebid,David Luiz,David Luiz,DEF,,,164,3238,yes
2018-19,Cody,rebid,Sterling,Sterling,MID,,,234,2770,yes
2018-19,Cody,rebid,Agüero,Agüero,FWD,,,201,2457,yes
2018-19,Cody,rebid,Lacazette,Lacazette,FWD,,,166,2497,yes
2018-19,Cody,rebid,Sigurdsson,Sigurdsson,MID,,,182,3122,yes
2018-19,Cody,rebid,Martial,Martial,MID,,,122,1613,yes
2018-19,Cody,rebid,Azpilicueta,Azpilicueta,DEF,,,158,3402,yes
2018-19,Cody,rebid,Murray,Murray,FWD,,,129,2501,yes
2018-19,Cody,rebid,Gudmundsson,Gudmundsson,MID,,,92,1743,yes
2018-19,Cody,rebid,Bellerín,Bellerín,DEF,,,60,1532,yes
2018-19,Cody,rebid,David Luiz,David Luiz,DEF,,,164,3238,yes
2018-19,Cody,rebid,Knockaert,Knockaert,MID,,,74,1828,yes
2018-19,Cody,rebid,Leno,Leno,GK,,,106,2835,yes
2018-19,Cody,rebid,Kolasinac,Kolasinac,DEF,,,81,1886,yes
2018-19,Cody,rebid,Kepa,Kepa,GK,,,142,3240,yes
2018-19,Cody,rebid,Laporte,Laporte,DEF,,,177,3056,yes
2018-19,Cody,settled,Murray,Murray,FWD,,,129,2501,yes
2018-19,Cody,settled,Pedro,Pedro,MID,,,112,1768,yes
2018-19,Cody,settled,Gudmundsson,Gudmundsson,MID,,,92,1743,yes
2018-19,Cody,settled,Mustafi,Mustafi,DEF,,,80,2611,yes
2018-19,Cody,settled,David Luiz,David Luiz,DEF,,,164,3238,yes
2018-19,Lakshman,rebid,Lukaku,Lukaku,FWD,,1150,115,2126,yes
2018-19,Lakshman,auction,Kane,Kane,FWD,,850,160,2423,yes
2018-19,Lakshman,rebid,Higuain,Higuaín,FWD,,750,53,1084,yes
2018-19,Lakshman,auction,Salah,Salah,MID,,700,259,3254,yes
2018-19,Lakshman,rebid,Salah,Salah,MID,,700,259,3254,yes
2018-19,Lakshman,rebid,Kane,Kane,FWD,,700,160,2423,yes
2018-19,Lakshman,rebid,Salah,Salah,MID,,700,259,3254,yes
2018-19,Lakshman,rebid,Kane,Kane,FWD,,700,160,2423,yes
2018-19,Lakshman,rebid,Lukaku,Lukaku,FWD,,500,115,2126,yes
2018-19,Lakshman,rebid,Alli,Alli,MID,,400,94,1822,yes
2018-19,Lakshman,auction,Alli,Alli,MID,,340,94,1822,yes
2018-19,Lakshman,rebid,Bernardo Silva,Bernardo Silva,MID,,320,154,2849,yes
2018-19,Lakshman,auction,De Gea,de Gea,GK,,280,120,3420,yes
2018-19,Lakshman,auction,King,King,FWD,,240,141,2963,yes
2018-19,Lakshman,rebid,Sánchez,Sánchez,DEF,,210,78,1941,yes
2018-19,Lakshman,rebid,Trippier,Trippier,DEF,,200,118,2275,yes
2018-19,Lakshman,rebid,Mkhitaryan,Mkhitaryan,MID,,200,98,1637,yes
2018-19,Lakshman,rebid,Foyth,Foyth,DEF,,195,35,888,yes
2018-19,Lakshman,auction,Vertonghen,Vertonghen,DEF,,190,67,1911,yes
2018-19,Lakshman,rebid,Lloris,Lloris,GK,,190,145,2970,yes
2018-19,Lakshman,rebid,Arnautovic,Arnautovic,FWD,,170,117,1988,yes
2018-19,Lakshman,rebid,Lukaku,Lukaku,FWD,,150,115,2126,yes
2018-19,Lakshman,auction,Pogba,Pogba,MID,,120,179,3007,yes
2018-19,Lakshman,rebid,Townsend,Townsend,MID,,100,135,3007,yes
2018-19,Lakshman,rebid,Lloris,Lloris,GK,,100,145,2970,yes
2018-19,Lakshman,rebid,Alexander-Arnold,Alexander-Arnold,DEF,,100,185,2460,yes
2018-19,Lakshman,rebid,Alexander-Arnold,Alexander-Arnold,DEF,,100,185,2460,yes
2018-19,Lakshman,rebid,Aké,Aké,DEF,,96,120,3411,yes
2018-19,Lakshman,auction,Trippier,Trippier,DEF,,90,118,2275,yes
2018-19,Lakshman,auction,Aurier,Aurier,DEF,,60,24,562,yes
2018-19,Lakshman,rebid,Sánchez,Sánchez,DEF,,60,78,1941,yes
2018-19,Lakshman,rebid,Milivojevic,Milivojevic,MID,,50,166,3420,yes
2018-19,Lakshman,rebid,Schürrle,Schürrle,MID,,50,75,1638,yes
2018-19,Lakshman,rebid,Pereyra,Pereyra,MID,,40,122,2817,yes
2018-19,Lakshman,rebid,Dunk,Dunk,DEF,,32,91,3151,yes
2018-19,Lakshman,auction,Chicharito,Chicharito,FWD,,30,86,1326,yes
2018-19,Lakshman,rebid,Alli,Alli,MID,,20,94,1822,yes
2018-19,Lakshman,rebid,Schmeichel,Schmeichel,GK,,20,120,3420,yes
2018-19,Lakshman,auction,Schürrle,Schürrle,MID,,10,75,1638,yes
2018-19,Lakshman,rebid,Mendy,Mendy,DEF,,10,59,900,yes
2018-19,Lakshman,rebid,Doucouré,Doucouré,MID,,10,124,3061,yes
2018-19,Lakshman,rebid,Mkhitaryan,Mkhitaryan,MID,,10,98,1637,yes
2018-19,Lakshman,auction,Lucas Moura,Lucas Moura,MID,,1,131,2115,yes
2018-19,Lakshman,auction,Romero,Romero,GK,,1,0,0,yes
2018-19,Lakshman,auction,Shaw,Shaw,DEF,,1,91,2591,yes
2018-19,Lakshman,auction,Tomkins,Tomkins,DEF,,1,86,2561,yes
2018-19,Lakshman,rebid,Schmeichel,Schmeichel,GK,,1,120,3420,yes
2018-19,Lakshman,rebid,Shaw,Shaw,DEF,,1,91,2591,yes
2018-19,Lakshman,rebid,Cédric,Cédric,DEF,,1,52,1493,yes
2018-19,Lakshman,rebid,Foyth,Foyth,DEF,,1,35,888,yes
2018-19,Lakshman,rebid,Boly,Boly,DEF,,1,120,3168,yes
2018-19,Lakshman,rebid,Hennessey,Hennessey,GK,,1,67,1575,yes
2018-19,Lakshman,rebid,Wijnaldum,Wijnaldum,MID,,1,108,2723,yes
2018-19,Lakshman,rebid,Tarkowski,Tarkowski,DEF,,1,97,3086,yes
2018-19,Lakshman,rebid,Kanté,Kanté,MID,,1,116,3092,yes
2018-19,Lakshman,rebid,Dunk,Dunk,DEF,,1,91,3151,yes
2018-19,Lakshman,rebid,Salah,Salah,MID,,,259,3254,yes
2018-19,Lakshman,rebid,Kane,Kane,FWD,,,160,2423,yes
2018-19,Lakshman,rebid,Sterling,Sterling,MID,,,234,2770,yes
2018-19,Lakshman,rebid,Hazard,Hazard,MID,,,238,2918,yes
2018-19,Lakshman,rebid,De Bruyne,De Bruyne,MID,,,59,968,yes
2018-19,Lakshman,rebid,Mané,Mané,MID,,,231,3076,yes
2018-19,Lakshman,rebid,Giroud,Giroud,FWD,,,55,828,yes
2018-19,Lakshman,rebid,Sánchez,Sánchez,DEF,,,78,1941,yes
2018-19,Lakshman,rebid,Wilson,Wilson,FWD,,,168,2528,yes
2018-19,Lakshman,rebid,Vertonghen,Vertonghen,DEF,,,67,1911,yes
2018-19,Lakshman,rebid,Trippier,Trippier,DEF,,,118,2275,yes
2018-19,Lakshman,rebid,Lloris,Lloris,GK,,,145,2970,yes
2018-19,Lakshman,rebid,Schmeichel,Schmeichel,GK,,,120,3420,yes
2018-19,Lakshman,rebid,Shaw,Shaw,DEF,,,91,2591,yes
2018-19,Lakshman,rebid,Kolasinac,Kolasinac,DEF,,,81,1886,yes
2018-19,Lakshman,rebid,Kane,Kane,FWD,,,160,2423,yes
2018-19,Lakshman,rebid,Wilson,Wilson,FWD,,,168,2528,yes
2018-19,Lakshman,rebid,Lloris,Lloris,GK,,,145,2970,yes
2018-19,Lakshman,settled,Salah,Salah,MID,,,259,3254,yes
2018-19,Lakshman,settled,Kane,Kane,FWD,,,160,2423,yes
2018-19,Lakshman,settled,Sterling,Sterling,MID,,,234,2770,yes
2018-19,Lakshman,settled,Hazard,Hazard,MID,,,238,2918,yes
2018-19,Lakshman,settled,De Bruyne,De Bruyne,MID,,,59,968,yes
2018-19,Lakshman,settled,Mané,Mané,MID,,,231,3076,yes
2018-19,Lakshman,settled,Giroud,Giroud,FWD,,,55,828,yes
2018-19,Lakshman,settled,Sánchez,Sánchez,DEF,,,78,1941,yes
2018-19,Lakshman,settled,Wilson,Wilson,FWD,,,168,2528,yes
2018-19,Lakshman,settled,Vertonghen,Vertonghen,DEF,,,67,1911,yes
2018-19,Lakshman,settled,Trippier,Trippier,DEF,,,118,2275,yes
2018-19,Lakshman,settled,Lloris,Lloris,GK,,,145,2970,yes
2018-19,Lakshman,settled,Schmeichel,Schmeichel,GK,,,120,3420,yes
2018-19,Lakshman,settled,Shaw,Shaw,DEF,,,91,2591,yes
2018-19,Lakshman,settled,Kolasinac,Kolasinac,DEF,,,81,1886,yes
2018-19,Milo,rebid,Sigurdsson,Sigurdsson,MID,,900,182,3122,yes
2018-19,Milo,auction,Lukaku,Lukaku,FWD,,600,115,2126,yes
2018-19,Milo,rebid,Lukaku,Lukaku,FWD,,550,115,2126,yes
2018-19,Milo,settled,Lukaku,Lukaku,FWD,,550,115,2126,yes
2018-19,Milo,rebid,Mitrovic,Mitrovic,FWD,,451,134,3280,yes
2018-19,Milo,rebid,Pedro,Pedro,MID,,410,112,1768,yes
2018-19,Milo,auction,Hazard,Hazard,MID,,400,238,2918,yes
2018-19,Milo,rebid,Rashford,Rashford,FWD,,400,128,2331,yes
2018-19,Milo,auction,Eriksen,Eriksen,MID,,350,161,2770,yes
2018-19,Milo,rebid,Maddison,Maddison,MID,,340,137,2831,yes
2018-19,Milo,rebid,Pereyra,Pereyra,MID,,270,122,2817,yes
2018-19,Milo,auction,Azpilicueta,Azpilicueta,DEF,,260,158,3402,yes
2018-19,Milo,rebid,Smalling,Smalling,DEF,,260,56,2127,yes
2018-19,Milo,auction,Jota,Jota,MID,,250,139,2352,yes
2018-19,Milo,rebid,Sané,Sané,MID,,250,156,1857,yes
2018-19,Milo,settled,Sané,Sané,MID,,250,156,1857,yes
2018-19,Milo,auction,Mkhitaryan,Mkhitaryan,MID,,240,98,1637,yes
2018-19,Milo,auction,Son,Son,MID,,220,159,2033,yes
2018-19,Milo,auction,Valencia,Valencia,DEF,,210,17,466,yes
2018-19,Milo,rebid,Pereyra,Pereyra,MID,,200,122,2817,yes
2018-19,Milo,rebid,Rashford,Rashford,FWD,,200,128,2331,yes
2018-19,Milo,rebid,Maddison,Maddison,MID,,200,137,2831,yes
2018-19,Milo,rebid,Rondón,Rondón,FWD,,200,148,2601,yes
2018-19,Milo,settled,Pereyra,Pereyra,MID,,200,122,2817,yes
2018-19,Milo,rebid,Lucas Moura,Lucas Moura,MID,,180,131,2115,yes
2018-19,Milo,settled,Lucas Moura,Lucas Moura,MID,,180,131,2115,yes
2018-19,Milo,auction,Cresswell,Cresswell,DEF,,171,34,1588,yes
2018-19,Milo,rebid,Rondón,Rondón,FWD,,150,148,2601,yes
2018-19,Milo,rebid,Son,Son,MID,,120,159,2033,yes
2018-19,Milo,settled,Son,Son,MID,,120,159,2033,yes
2018-19,Milo,rebid,Zabaleta,Zabaleta,DEF,,110,56,2089,yes
2018-19,Milo,rebid,Pedro,Pedro,MID,,110,112,1768,yes
2018-19,Milo,blind,Boly,Boly,DEF,,110,120,3168,yes
2018-19,Milo,settled,Zabaleta,Zabaleta,DEF,,110,56,2089,yes
2018-19,Milo,rebid,Pereira,Pereira,DEF,,100,146,3123,yes
2018-19,Milo,rebid,Wan-Bissaka,Wan-Bissaka,DEF,,100,120,3134,yes
2018-19,Milo,blind,Wan Bissaka,Wan-Bissaka,DEF,,100,120,3134,yes
2018-19,Milo,rebid,Moutinho,Moutinho,MID,,90,119,3030,yes
2018-19,Milo,rebid,Fabianski,Fabianski,GK,,90,143,3420,yes
2018-19,Milo,blind,Fabiansky,Fabianski,GK,,90,143,3420,yes
2018-19,Milo,blind,Moutinho,Moutinho,MID,,90,119,3030,yes
2018-19,Milo,settled,Moutinho,Moutinho,MID,,90,119,3030,yes
2018-19,Milo,settled,Fabianski,Fabianski,GK,,90,143,3420,yes
2018-19,Milo,auction,Kompany,Kompany,DEF,,88,58,1220,yes
2018-19,Milo,rebid,Fabianski,Fabianski,GK,,81,143,3420,yes
2018-19,Milo,rebid,Mkhitaryan,Mkhitaryan,MID,,50,98,1637,yes
2018-19,Milo,rebid,Wan-Bissaka,Wan-Bissaka,DEF,,15,120,3134,yes
2018-19,Milo,auction,Iheanacho,Iheanacho,FWD,,10,58,924,yes
2018-19,Milo,rebid,Valencia,Valencia,DEF,,10,17,466,yes
2018-19,Milo,rebid,Rondón,Rondón,FWD,,10,148,2601,yes
2018-19,Milo,rebid,Monreal,Monreal,DEF,,10,77,1860,yes
2018-19,Milo,rebid,Pérez,Pérez,FWD,,10,141,2916,yes
2018-19,Milo,blind,Monreal,Monreal,DEF,,10,77,1860,yes
2018-19,Milo,settled,Valencia,Valencia,DEF,,10,17,466,yes
2018-19,Milo,settled,Rondón,Rondón,FWD,,10,148,2601,yes
2018-19,Milo,settled,Monreal,Monreal,DEF,,10,77,1860,yes
2018-19,Milo,auction,Pope,Pope,GK,,1,0,0,yes
2018-19,Milo,auction,Andone,Andone,FWD,,1,38,866,yes
2018-19,Milo,auction,Lössl,Lössl,GK,,1,99,2777,yes
2018-19,Milo,auction,Cédric,Cédric,DEF,,1,52,1493,yes
2018-19,Milo,rebid,Etheridge,Etheridge,GK,,1,154,3420,yes
2018-19,Milo,rebid,Coleman,Coleman,DEF,,1,125,2558,yes
2018-19,Milo,rebid,Mee,Mee,DEF,,1,81,3420,yes
2018-19,Milo,rebid,Steve Cook,Steve Cook,DEF,,1,85,2786,yes
2018-19,Milo,rebid,Etheridge,Etheridge,GK,,1,154,3420,yes
2018-19,Milo,rebid,Bamba,Bamba,DEF,,1,95,2475,yes
2018-19,Milo,rebid,Coleman,Coleman,DEF,,1,125,2558,yes
2018-19,Milo,rebid,Moutinho,Moutinho,MID,,1,119,3030,yes
2018-19,Milo,rebid,Etheridge,Etheridge,GK,,1,154,3420,yes
2018-19,Milo,rebid,Hennessey,Hennessey,GK,,1,67,1575,yes
2018-19,Milo,rebid,Valery,Valery,DEF,,1,54,1709,yes
2018-19,Milo,blind,Ethridge,Etheridge,GK,,1,154,3420,yes
2018-19,Milo,blind,Zabaleta,Zabaleta,DEF,,1,56,2089,yes
2018-19,Milo,blind,Vietto,Vietto,FWD,,1,47,980,yes
2018-19,Milo,settled,Etheridge,Etheridge,GK,,1,154,3420,yes
2018-19,Milo,rebid,Boly,Boly,DEF,,,120,3168,yes
2018-19,Milo,rebid,Wan-Bissaka,Wan-Bissaka,DEF,,,120,3134,yes
2018-19,Milo,rebid,Vietto,Vietto,FWD,,,47,980,yes
2018-19,Milo,rebid,Sané,Sané,MID,,,156,1857,yes
2018-19,Milo,rebid,Lucas Moura,Lucas Moura,MID,,,131,2115,yes
2018-19,Milo,rebid,Sané,Sané,MID,,0,156,1857,yes
2018-19,Milo,rebid,Rashford,Rashford,FWD,,0,128,2331,yes
2018-19,Milo,rebid,Lucas Moura,Lucas Moura,MID,,0,131,2115,yes
2018-19,Milo,rebid,Pérez,Pérez,FWD,,0,141,2916,yes
2018-19,Milo,rebid,Pedro,Pedro,MID,,0,112,1768,yes
2018-19,Milo,rebid,Rondón,Rondón,FWD,,0,148,2601,yes
2018-19,Milo,rebid,Gudmundsson,Gudmundsson,MID,,,92,1743,yes
2018-19,Milo,rebid,Fabianski,Fabianski,GK,,,143,3420,yes
2018-19,Milo,rebid,Etheridge,Etheridge,GK,,,154,3420,yes
2018-19,Milo,settled,Boly,Boly,DEF,,,120,3168,yes
2018-19,Milo,settled,Wan-Bissaka,Wan-Bissaka,DEF,,,120,3134,yes
2018-19,Milo,settled,Vietto,Vietto,FWD,,,47,980,yes
2018-19,Oliver,rebid,Bernardo Silva,Bernardo Silva,MID,,1000,154,2849,yes
2018-19,Oliver,rebid,Kolasinac,Kolasinac,DEF,,664,81,1886,yes
2018-19,Oliver,rebid,Digne,Digne,DEF,,430,158,2964,yes
2018-19,Oliver,auction,Vardy,Vardy,FWD,,370,174,2726,yes
2018-19,Oliver,rebid,Jiménez,Jiménez,FWD,,370,181,3112,yes
2018-19,Oliver,blind,Jimenez,Jiménez,FWD,,370,181,3112,yes
2018-19,Oliver,settled,Jiménez,Jiménez,FWD,,370,181,3112,yes
2018-19,Oliver,rebid,De Bruyne,De Bruyne,MID,,350,59,968,yes
2018-19,Oliver,auction,Willian,Willian,MID,,300,108,2091,yes
2018-19,Oliver,auction,Keita,Keita,MID,,280,67,1385,yes
2018-19,Oliver,rebid,Özil,Özil,MID,,280,89,1732,yes
2018-19,Oliver,settled,Özil,Özil,MID,,280,89,1732,yes
2018-19,Oliver,auction,Robertson,Robertson,DEF,,260,213,3216,yes
2018-19,Oliver,rebid,Brooks,Brooks,MID,,250,123,2263,yes
2018-19,Oliver,auction,Alisson,Alisson,GK,,230,176,3420,yes
2018-19,Oliver,auction,Alexander-Arnold,Alexander-Arnold,DEF,,230,185,2460,yes
2018-19,Oliver,rebid,Alonso,Alonso,DEF,,200,161,2759,yes
2018-19,Oliver,rebid,Robertson,Robertson,DEF,,200,213,3216,yes
2018-19,Oliver,rebid,Wilson,Wilson,FWD,,200,168,2528,yes
2018-19,Oliver,rebid,Milivojevic,Milivojevic,MID,,200,166,3420,yes
2018-19,Oliver,rebid,Robertson,Robertson,DEF,,200,213,3216,yes
2018-19,Oliver,rebid,Wilson,Wilson,FWD,,200,168,2528,yes
2018-19,Oliver,rebid,Pereyra,Pereyra,MID,,190,122,2817,yes
2018-19,Oliver,auction,Alonso,Alonso,DEF,,180,161,2759,yes
2018-19,Oliver,rebid,Deulofeu,Deulofeu,MID,,175,133,2064,yes
2018-19,Oliver,rebid,Holebas,Holebas,DEF,,171,93,2392,yes
2018-19,Oliver,auction,Mitrovic,Mitrovic,FWD,,120,134,3280,yes
2018-19,Oliver,rebid,Jiménez,Jiménez,FWD,,100,181,3112,yes
2018-19,Oliver,rebid,Alisson,Alisson,GK,,100,176,3420,yes
2018-19,Oliver,rebid,Jiménez,Jiménez,FWD,,100,181,3112,yes
2018-19,Oliver,rebid,Alisson,Alisson,GK,,100,176,3420,yes
2018-19,Oliver,rebid,Cresswell,Cresswell,DEF,,92,34,1588,yes
2018-19,Oliver,rebid,Milivojevic,Milivojevic,MID,,80,166,3420,yes
2018-19,Oliver,rebid,Jota,Jota,MID,,70,139,2352,yes
2018-19,Oliver,settled,Jota,Jota,MID,,70,139,2352,yes
2018-19,Oliver,rebid,van Aanholt,van Aanholt,DEF,,65,140,3196,yes
2018-19,Oliver,auction,Rondón,Rondón,FWD,,50,148,2601,yes
2018-19,Oliver,rebid,Rice,Rice,DEF,,45,92,3003,yes
2018-19,Oliver,rebid,Foster,Foster,GK,,35,129,3420,yes
2018-19,Oliver,auction,Meyer,Meyer,MID,,10,60,1405,yes
2018-19,Oliver,auction,Fred,Fred,MID,,10,40,1039,yes
2018-19,Oliver,rebid,Sessegnon,Sessegnon,MID,,10,94,2291,yes
2018-19,Oliver,rebid,Barnes,Barnes,FWD,,10,122,2378,yes
2018-19,Oliver,rebid,Batshuayi,Batshuayi,FWD,,10,48,748,yes
2018-19,Oliver,settled,Sessegnon,Sessegnon,MID,,10,94,2291,yes
2018-19,Oliver,settled,Barnes,Barnes,FWD,,10,122,2378,yes
2018-19,Oliver,rebid,Calvert-Lewin,Calvert-Lewin,FWD,,5,92,1769,yes
2018-19,Oliver,auction,Seri,Seri,MID,,1,72,2239,yes
2018-19,Oliver,auction,Stones,Stones,DEF,,1,83,1761,yes
2018-19,Oliver,auction,Leno,Leno,GK,,1,106,2835,yes
2018-19,Oliver,auction,Coady,Coady,DEF,,1,94,3420,yes
2018-19,Oliver,rebid,Bernard,Bernard,MID,,1,88,2108,yes
2018-19,Oliver,rebid,Brooks,Brooks,MID,,1,123,2263,yes
2018-19,Oliver,rebid,Pereira,Pereira,DEF,,1,146,3123,yes
2018-19,Oliver,rebid,Bettinelli,Bettinelli,GK,,1,15,630,yes
2018-19,Oliver,rebid,Holebas,Holebas,DEF,,1,93,2392,yes
2018-19,Oliver,rebid,Almiron,Almirón,MID,,1,28,758,yes
2018-19,Oliver,rebid,Wijnaldum,Wijnaldum,MID,,1,108,2723,yes
2018-19,Oliver,rebid,Foster,Foster,GK,,1,129,3420,yes
2018-19,Oliver,rebid,Nasri,Nasri,MID,,1,14,243,yes
2018-19,Oliver,rebid,Shaw,Shaw,DEF,,1,91,2591,yes
2018-19,Oliver,blind,Bertanelli,Bettinelli,GK,,1,15,630,yes
2018-19,Oliver,blind,Holebas,Holebas,DEF,,1,93,2392,yes
2018-19,Oliver,blind,Perriera,Pereira,DEF,,1,146,3123,yes
2018-19,Oliver,blind,Bernard,Bernard,MID,,1,88,2108,yes
2018-19,Oliver,blind,Brooks,Brooks,MID,,1,123,2263,yes
2018-19,Oliver,settled,Bernard,Bernard,MID,,1,88,2108,yes
2018-19,Oliver,settled,Brooks,Brooks,MID,,1,123,2263,yes
2018-19,Oliver,settled,Pereira,Pereira,DEF,,1,146,3123,yes
2018-19,Oliver,settled,Bettinelli,Bettinelli,GK,,1,15,630,yes
2018-19,Oliver,settled,Holebas,Holebas,DEF,,1,93,2392,yes
2018-19,Oliver,rebid,Alonso,Alonso,DEF,,,161,2759,yes
2018-19,Oliver,rebid,Mitrovic,Mitrovic,FWD,,,134,3280,yes
2018-19,Oliver,rebid,Robertson,Robertson,DEF,,,213,3216,yes
2018-19,Oliver,rebid,Alisson,Alisson,GK,,,176,3420,yes
2018-19,Oliver,rebid,Alexander-Arnold,Alexander-Arnold,DEF,,,185,2460,yes
2018-19,Oliver,rebid,Firmino,Firmino,FWD,,,160,2606,yes
2018-19,Oliver,rebid,Özil,Özil,MID,,,89,1732,yes
2018-19,Oliver,rebid,Bernardo Silva,Bernardo Silva,MID,,,154,2849,yes
2018-19,Oliver,rebid,Felipe Anderson,Felipe Anderson,MID,,,155,3045,yes
2018-19,Oliver,rebid,Jota,Jota,MID,,,139,2352,yes
2018-19,Oliver,rebid,Alonso,Alonso,DEF,,,161,2759,yes
2018-19,Oliver,rebid,Mitrovic,Mitrovic,FWD,,,134,3280,yes
2018-19,Oliver,rebid,Robertson,Robertson,DEF,,,213,3216,yes
2018-19,Oliver,rebid,Alisson,Alisson,GK,,,176,3420,yes
2018-19,Oliver,rebid,Jiménez,Jiménez,FWD,,,181,3112,yes
2018-19,Oliver,rebid,Alexander-Arnold,Alexander-Arnold,DEF,,,185,2460,yes
2018-19,Oliver,rebid,Brooks,Brooks,MID,,,123,2263,yes
2018-19,Oliver,rebid,Pereira,Pereira,DEF,,,146,3123,yes
2018-19,Oliver,rebid,Foster,Foster,GK,,,129,3420,yes
2018-19,Oliver,rebid,Holebas,Holebas,DEF,,,93,2392,yes
2018-19,Oliver,settled,Alonso,Alonso,DEF,,,161,2759,yes
2018-19,Oliver,settled,Mitrovic,Mitrovic,FWD,,,134,3280,yes
2018-19,Oliver,settled,Robertson,Robertson,DEF,,,213,3216,yes
2018-19,Oliver,settled,Alisson,Alisson,GK,,,176,3420,yes
2018-19,Oliver,settled,Alexander-Arnold,Alexander-Arnold,DEF,,,185,2460,yes
2018-19,Trent,auction,De Bruyne,De Bruyne,MID,,600,59,968,yes
2018-19,Trent,rebid,Pogba,Pogba,MID,,400,179,3007,yes
2018-19,Trent,rebid,Mitrovic,Mitrovic,FWD,,340,134,3280,yes
2018-19,Trent,auction,Zaha,Zaha,FWD,,310,143,3037,yes
2018-19,Trent,auction,Richarlison,Richarlison,MID,,310,153,2662,yes
2018-19,Trent,rebid,David Silva,David Silva,MID,,300,143,2399,yes
2018-19,Trent,rebid,Murray,Murray,FWD,,300,129,2501,yes
2018-19,Trent,rebid,Pogba,Pogba,MID,,260,179,3007,yes
2018-19,Trent,settled,Pogba,Pogba,MID,,260,179,3007,yes
2018-19,Trent,rebid,Fraser,Fraser,MID,,250,181,3165,yes
2018-19,Trent,blind,Fraser,Fraser,MID,,250,181,3165,yes
2018-19,Trent,settled,Fraser,Fraser,MID,,250,181,3165,yes
2018-19,Trent,rebid,Vertonghen,Vertonghen,DEF,,210,67,1911,yes
2018-19,Trent,rebid,Zaha,Zaha,FWD,,200,143,3037,yes
2018-19,Trent,rebid,Richarlison,Richarlison,MID,,200,153,2662,yes
2018-19,Trent,rebid,Mendy,Mendy,DEF,,200,59,900,yes
2018-19,Trent,rebid,Willian,Willian,MID,,180,108,2091,yes
2018-19,Trent,settled,Willian,Willian,MID,,180,108,2091,yes
2018-19,Trent,rebid,Gray,Gray,FWD,,150,83,1352,yes
2018-19,Trent,settled,Gray,Gray,MID,,150,84,1978,yes
2018-19,Trent,rebid,Doherty,Doherty,DEF,,140,144,3141,yes
2018-19,Trent,blind,Doherty,Doherty,DEF,,140,144,3141,yes
2018-19,Trent,settled,Doherty,Doherty,DEF,,140,144,3141,yes
2018-19,Trent,rebid,De Gea,de Gea,GK,,120,120,3420,yes
2018-19,Trent,rebid,Hennessey,Hennessey,GK,,110,67,1575,yes
2018-19,Trent,blind,Hennessy,Hennessey,GK,,110,67,1575,yes
2018-19,Trent,settled,Hennessey,Hennessey,GK,,110,67,1575,yes
2018-19,Trent,auction,Maguire,Maguire,DEF,,100,92,2596,yes
2018-19,Trent,rebid,Pogba,Pogba,MID,,100,179,3007,yes
2018-19,Trent,rebid,Fraser,Fraser,MID,,100,181,3165,yes
2018-19,Trent,rebid,Doherty,Doherty,DEF,,100,144,3141,yes
2018-19,Trent,auction,Pickford,Pickford,GK,,92,161,3420,yes
2018-19,Trent,rebid,Young,Young,DEF,,70,73,2568,yes
2018-19,Trent,auction,Wood,Wood,FWD,,60,131,2580,yes
2018-19,Trent,auction,Tarkowski,Tarkowski,DEF,,50,97,3086,yes
2018-19,Trent,auction,Ryan,Ryan,GK,,45,104,3060,yes
2018-19,Trent,rebid,Willian,Willian,MID,,40,108,2091,yes
2018-19,Trent,auction,Yarmolenko,Yarmolenko,MID,,30,27,456,yes
2018-19,Trent,auction,Townsend,Townsend,MID,,30,135,3007,yes
2018-19,Trent,auction,Welbeck,Welbeck,FWD,,20,19,146,yes
2018-19,Trent,auction,Fàbregas,Fàbregas,MID,,10,6,175,yes
2018-19,Trent,rebid,Groß,Groß,MID,,10,80,1864,yes
2018-19,Trent,auction,Kolasinac,Kolasinac,DEF,,1,81,1886,yes
2018-19,Trent,auction,Lowton,Lowton,DEF,,1,34,1748,yes
2018-19,Trent,auction,Fredericks,Fredericks,DEF,,1,38,1084,yes
2018-19,Trent,rebid,Vokes,Vokes,FWD,,1,48,907,yes
2018-19,Trent,rebid,Aké,Aké,DEF,,1,120,3411,yes
2018-19,Trent,rebid,Sakho,Sakho,DEF,,1,88,2416,yes
2018-19,Trent,rebid,Adam Smith,Adam Smith,DEF,,1,70,2067,yes
2018-19,Trent,rebid,McCarthy,McCarthy,GK,,1,73,2250,yes
2018-19,Trent,rebid,Mustafi,Mustafi,DEF,,1,80,2611,yes
2018-19,Trent,rebid,Ings,Ings,FWD,,1,90,1650,yes
2018-19,Trent,rebid,Tarkowski,Tarkowski,DEF,,1,97,3086,yes
2018-19,Trent,rebid,Aké,Aké,DEF,,1,120,3411,yes
2018-19,Trent,rebid,Begovic,Begovic,GK,,1,63,2160,yes
2018-19,Trent,rebid,Hart,Hart,GK,,1,69,1710,yes
2018-19,Trent,rebid,Success,Success,FWD,,1,42,1033,yes
2018-19,Trent,rebid,Groß,Groß,MID,,1,80,1864,yes
2018-19,Trent,rebid,Sakho,Sakho,DEF,,1,88,2416,yes
2018-19,Trent,rebid,Boruc,Boruc,GK,,1,46,1080,yes
2018-19,Trent,blind,Mccarthy,McCarthy,GK,,1,73,2250,yes
2018-19,Trent,blind,Ake,Aké,DEF,,1,120,3411,yes
2018-19,Trent,blind,Adam Smith,Adam Smith,DEF,,1,70,2067,yes
2018-19,Trent,blind,Sakho,Sakho,DEF,,1,88,2416,yes
2018-19,Trent,blind,Vokes,Vokes,FWD,,1,48,907,yes
2018-19,Trent,settled,Aké,Aké,DEF,,1,120,3411,yes
2018-19,Trent,settled,Sakho,Sakho,DEF,,1,88,2416,yes
2018-19,Trent,settled,Adam Smith,Adam Smith,DEF,,1,70,2067,yes
2018-19,Trent,settled,Vokes,Vokes,FWD,,1,48,907,yes
2018-19,Trent,rebid,Zaha,Zaha,FWD,,,143,3037,yes
2018-19,Trent,rebid,Yarmolenko,Yarmolenko,MID,,,27,456,yes
2018-19,Trent,rebid,Richarlison,Richarlison,MID,,,153,2662,yes
2018-19,Trent,rebid,Tarkowski,Tarkowski,DEF,,,97,3086,yes
2018-19,Trent,rebid,Zaha,Zaha,FWD,,,143,3037,yes
2018-19,Trent,rebid,Richarlison,Richarlison,MID,,,153,2662,yes
2018-19,Trent,rebid,Trippier,Trippier,DEF,,,118,2275,yes
2018-19,Trent,rebid,Fraser,Fraser,MID,,,181,3165,yes
2018-19,Trent,rebid,Doherty,Doherty,DEF,,,144,3141,yes
2018-19,Trent,rebid,Agüero,Agüero,FWD,,,201,2457,yes
2018-19,Trent,rebid,Sterling,Sterling,MID,,,234,2770,yes
2018-19,Trent,rebid,Higuain,Higuaín,FWD,,,53,1084,yes
2018-19,Trent,rebid,Firmino,Firmino,FWD,,,160,2606,yes
2018-19,Trent,rebid,David Silva,David Silva,MID,,,143,2399,yes
2018-19,Trent,rebid,Pogba,Pogba,MID,,,179,3007,yes
2018-19,Trent,rebid,Richarlison,Richarlison,MID,,,153,2662,yes
2018-19,Trent,rebid,Mendy,Mendy,DEF,,,59,900,yes
2018-19,Trent,rebid,Young,Young,DEF,,,73,2568,yes
2018-19,Trent,rebid,De Gea,de Gea,GK,,,120,3420,yes
2018-19,Trent,rebid,Trippier,Trippier,DEF,,,118,2275,yes
2018-19,Trent,rebid,Fraser,Fraser,MID,,,181,3165,yes
2018-19,Trent,rebid,Sakho,Sakho,DEF,,,88,2416,yes
2018-19,Trent,rebid,Doherty,Doherty,DEF,,,144,3141,yes
2018-19,Trent,rebid,Boruc,Boruc,GK,,,46,1080,yes
2018-19,Trent,settled,Zaha,Zaha,FWD,,,143,3037,yes
2018-19,Trent,settled,Yarmolenko,Yarmolenko,MID,,,27,456,yes
2018-19,Trent,settled,Richarlison,Richarlison,MID,,,153,2662,yes
2018-19,Trent,settled,Tarkowski,Tarkowski,DEF,,,97,3086,yes
2018-19,Trent,settled,McCarthy,McCarthy,GK,,,73,2250,yes
2018-19,Vikash,rebid,De Bruyne,De Bruyne,MID,,700,59,968,yes
2018-19,Vikash,auction,Sánchez,Sánchez,MID,,550,47,869,yes
2018-19,Vikash,auction,Özil,Özil,MID,,460,89,1732,yes
2018-19,Vikash,auction,Morata,Morata,FWD,,380,46,936,yes
2018-19,Vikash,auction,Sané,Sané,MID,,350,156,1857,yes
2018-19,Vikash,rebid,Sané,Sané,MID,,350,156,1857,yes
2018-19,Vikash,rebid,Otamendi,Otamendi,DEF,,330,70,1233,yes
2018-19,Vikash,auction,Bellerín,Bellerín,DEF,,230,60,1532,yes
2018-19,Vikash,rebid,King,King,FWD,,200,141,2963,yes
2018-19,Vikash,rebid,Alderweireld,Alderweireld,DEF,,200,107,2921,yes
2018-19,Vikash,rebid,Patrício,Patrício,GK,,200,118,3330,yes
2018-19,Vikash,rebid,King,King,FWD,,200,141,2963,yes
2018-19,Vikash,rebid,Alderweireld,Alderweireld,DEF,,200,107,2921,yes
2018-19,Vikash,rebid,Deeney,Deeney,FWD,,200,116,2542,yes
2018-19,Vikash,auction,van Aanholt,van Aanholt,DEF,,181,140,3196,yes
2018-19,Vikash,rebid,van Aanholt,van Aanholt,DEF,,171,140,3196,yes
2018-19,Vikash,auction,Fabianski,Fabianski,GK,,170,143,3420,yes
2018-19,Vikash,rebid,Jesus,Jesus,FWD,,150,79,1017,yes
2018-19,Vikash,rebid,Jesus,Jesus,FWD,,150,79,1017,yes
2018-19,Vikash,settled,Jesus,Jesus,FWD,,150,79,1017,yes
2018-19,Vikash,rebid,Doucouré,Doucouré,MID,,120,124,3061,yes
2018-19,Vikash,rebid,Stones,Stones,DEF,,100,83,1761,yes
2018-19,Vikash,rebid,Gudmundsson,Gudmundsson,MID,,100,92,1743,yes
2018-19,Vikash,rebid,Stones,Stones,DEF,,100,83,1761,yes
2018-19,Vikash,rebid,Dubravka,Dubravka,GK,,100,131,3420,yes
2018-19,Vikash,rebid,Patrício,Patrício,GK,,100,118,3330,yes
2018-19,Vikash,auction,David Luiz,David Luiz,DEF,,88,164,3238,yes
2018-19,Vikash,rebid,Deeney,Deeney,FWD,,70,116,2542,yes
2018-19,Vikash,auction,Sessegnon,Sessegnon,MID,,60,94,2291,yes
2018-19,Vikash,rebid,Mahrez,Mahrez,MID,,60,102,1331,yes
2018-19,Vikash,rebid,Maguire,Maguire,DEF,,50,92,2596,yes
2018-19,Vikash,rebid,Jesus,Jesus,FWD,,50,79,1017,yes
2018-19,Vikash,blind,Maguire,Maguire,DEF,,50,92,2596,yes
2018-19,Vikash,settled,Maguire,Maguire,DEF,,50,92,2596,yes
2018-19,Vikash,auction,Murray,Murray,FWD,,40,129,2501,yes
2018-19,Vikash,rebid,Shaqiri,Shaqiri,MID,,40,88,1052,yes
2018-19,Vikash,settled,Shaqiri,Shaqiri,MID,,40,88,1052,yes
2018-19,Vikash,auction,Pedro,Pedro,MID,,30,112,1768,yes
2018-19,Vikash,auction,Patrício,Patrício,GK,,26,118,3330,yes
2018-19,Vikash,rebid,Mahrez,Mahrez,MID,,20,102,1331,yes
2018-19,Vikash,rebid,Otamendi,Otamendi,DEF,,20,70,1233,yes
2018-19,Vikash,settled,Mahrez,Mahrez,MID,,20,102,1331,yes
2018-19,Vikash,settled,Otamendi,Otamendi,DEF,,20,70,1233,yes
2018-19,Vikash,auction,Austin,Austin,FWD,,10,46,970,yes
2018-19,Vikash,rebid,Elyounoussi,Elyounoussi,MID,,10,28,785,yes
2018-19,Vikash,rebid,Barkley,Barkley,MID,,10,79,1231,yes
2018-19,Vikash,rebid,Lucas Moura,Lucas Moura,MID,,10,131,2115,yes
2018-19,Vikash,rebid,Davies,Davies,DEF,,10,66,1837,yes
2018-19,Vikash,rebid,Stanislas,Stanislas,MID,,10,56,1021,yes
2018-19,Vikash,auction,Sokratis,Sokratis,DEF,,1,64,2198,yes
2018-19,Vikash,auction,Coleman,Coleman,DEF,,1,125,2558,yes
2018-19,Vikash,rebid,Barkley,Barkley,MID,,1,79,1231,yes
2018-19,Vikash,rebid,Seri,Seri,MID,,1,72,2239,yes
2018-19,Vikash,rebid,Kovacic,Kovacic,MID,,1,64,1725,yes
2018-19,Vikash,rebid,Ryan,Ryan,GK,,1,104,3060,yes
2018-19,Vikash,rebid,Duffy,Duffy,DEF,,1,115,3087,yes
2018-19,Vikash,rebid,Redmond,Redmond,MID,,1,137,3272,yes
2018-19,Vikash,rebid,Evans,Evans,DEF,,1,77,1993,yes
2018-19,Vikash,rebid,Duffy,Duffy,DEF,,1,115,3087,yes
2018-19,Vikash,rebid,Cathcart,Cathcart,DEF,,1,93,3095,yes
2018-19,Vikash,rebid,McCarthy,McCarthy,GK,,1,73,2250,yes
2018-19,Vikash,blind,Ryan,Ryan,GK,,1,104,3060,yes
2018-19,Vikash,blind,Duffy,Duffy,DEF,,1,115,3087,yes
2018-19,Vikash,blind,Kovacic,Kovacic,MID,,1,64,1725,yes
2018-19,Vikash,blind,Seri,Seri,MID,,1,72,2239,yes
2018-19,Vikash,blind,Barkley,Barkley,MID,,1,79,1231,yes
2018-19,Vikash,blind,Tosun,Tosun,FWD,,1,56,1044,yes
2018-19,Vikash,settled,Barkley,Barkley,MID,,1,79,1231,yes
2018-19,Vikash,settled,Seri,Seri,MID,,1,72,2239,yes
2018-19,Vikash,settled,Kovacic,Kovacic,MID,,1,64,1725,yes
2018-19,Vikash,settled,Ryan,Ryan,GK,,1,104,3060,yes
2018-19,Vikash,settled,Duffy,Duffy,DEF,,1,115,3087,yes
2018-19,Vikash,rebid,King,King,FWD,,,141,2963,yes
2018-19,Vikash,rebid,Young,Young,DEF,,,73,2568,yes
2018-19,Vikash,rebid,van Aanholt,van Aanholt,DEF,,,140,3196,yes
2018-19,Vikash,rebid,Patrício,Patrício,GK,,,118,3330,yes
2018-19,Vikash,rebid,Jesus,Jesus,FWD,,,79,1017,yes
2018-19,Vikash,rebid,De Bruyne,De Bruyne,MID,,,59,968,yes
2018-19,Vikash,rebid,Mahrez,Mahrez,MID,,,102,1331,yes
2018-19,Vikash,rebid,Morata,Morata,FWD,,,46,936,yes
2018-19,Vikash,rebid,David Silva,David Silva,MID,,,143,2399,yes
2018-19,Vikash,rebid,Ramsey,Ramsey,MID,,,91,1319,yes
2018-19,Vikash,rebid,Shaqiri,Shaqiri,MID,,,88,1052,yes
2018-19,Vikash,rebid,King,King,FWD,,,141,2963,yes
2018-19,Vikash,rebid,Alderweireld,Alderweireld,DEF,,,107,2921,yes
2018-19,Vikash,rebid,Young,Young,DEF,,,73,2568,yes
2018-19,Vikash,rebid,Stones,Stones,DEF,,,83,1761,yes
2018-19,Vikash,rebid,Maguire,Maguire,DEF,,,92,2596,yes
2018-19,Vikash,rebid,van Aanholt,van Aanholt,DEF,,,140,3196,yes
2018-19,Vikash,rebid,Kovacic,Kovacic,MID,,,64,1725,yes
2018-19,Vikash,rebid,Ryan,Ryan,GK,,,104,3060,yes
2018-19,Vikash,rebid,Patrício,Patrício,GK,,,118,3330,yes
2018-19,Vikash,rebid,Duffy,Duffy,DEF,,,115,3087,yes
2018-19,Vikash,settled,King,King,FWD,,,141,2963,yes
2018-19,Vikash,settled,Young,Young,DEF,,,73,2568,yes
2018-19,Vikash,settled,van Aanholt,van Aanholt,DEF,,,140,3196,yes
2018-19,Vikash,settled,Patrício,Patrício,GK,,,118,3330,yes
2018-19,Vikash,settled,Tosun,Tosun,FWD,,,56,1044,yes
2019-20,Ash,settled,Vardy,Vardy,FWD,,700,210,3032,yes
2019-20,Ash,settled,Wilson,Callum Wilson,FWD,,520,116,2906,yes
2019-20,Ash,settled,Digne,Digne,DEF,,310,120,3031,yes
2019-20,Ash,settled,Giroud,Giroud,FWD,,150,68,988,yes
2019-20,Ash,settled,Jonny,Jonny,DEF,,105,123,2885,yes
2019-20,Ash,settled,Brooks,Brooks,MID,,80,21,505,yes
2019-20,Ash,settled,Redmond,Redmond,MID,,50,107,2763,yes
2019-20,Ash,settled,Ritchie,Ritchie,DEF,,50,74,1312,yes
2019-20,Ash,settled,Grealish,Grealish,MID,,20,149,3233,yes
2019-20,Ash,settled,Chilwell,Chilwell,DEF,,20,114,2374,yes
2019-20,Ash,settled,Chamberlain,Chamberlain,MID,,10,76,1475,yes
2019-20,Ash,settled,Ryan,Ryan,GK,,5,135,3420,yes
2019-20,Ash,settled,Pope,Pope,GK,,1,170,3420,yes
2019-20,Ash,settled,El Mohamady,El Mohamady,DEF,,1,39,1024,yes
2019-20,Ash,settled,McGinn,McGinn,MID,,1,84,2312,yes
2019-20,Chris,settled,Mané,Mané,MID,,900,221,2745,yes
2019-20,Chris,settled,Sigurdsson,Sigurdsson,MID,,440,95,2555,yes
2019-20,Chris,settled,Jiménez,Jiménez,FWD,,350,194,3241,yes
2019-20,Chris,settled,Zaha,Zaha,MID,,340,120,3279,yes
2019-20,Chris,settled,Walker,Walker,DEF,,180,114,2392,yes
2019-20,Chris,settled,Foster,Foster,GK,,41,137,3420,yes
2019-20,Chris,settled,Ings,Ings,FWD,,40,198,2800,yes
2019-20,Chris,settled,Doucouré,Doucouré,MID,,20,113,3156,yes
2019-20,Chris,settled,Vertonghen,Vertonghen,DEF,,12,62,1644,yes
2019-20,Chris,settled,Stones,Stones,DEF,,11,34,1118,yes
2019-20,Chris,settled,Wood,Wood,FWD,,10,136,2436,yes
2019-20,Chris,settled,Emerson,Emerson,DEF,,1,19,1022,yes
2019-20,Chris,settled,Matip,Matip,DEF,,1,39,703,yes
2019-20,Chris,settled,Kepa,Kepa,GK,,1,90,2970,yes
2019-20,Chris,settled,Vrancic,Vrancic,MID,,1,29,624,yes
2019-20,Cody,settled,Lacazette,Lacazette,FWD,,680,118,1867,yes
2019-20,Cody,settled,Son,Son,MID,,460,169,2478,yes
2019-20,Cody,settled,van Dijk,van Dijk,DEF,,330,178,3420,yes
2019-20,Cody,settled,Alonso,Alonso,DEF,,270,100,1429,yes
2019-20,Cody,settled,Azpilicueta,Azpilicueta,DEF,,250,130,3229,yes
2019-20,Cody,settled,van Aanholt,van Aanholt,DEF,,250,109,2507,yes
2019-20,Cody,settled,Alli,Alli,MID,,140,117,1845,yes
2019-20,Cody,settled,Deeney,Deeney,FWD,,90,109,2224,yes
2019-20,Cody,settled,Tielemans,Tielemans,MID,,90,117,2823,yes
2019-20,Cody,settled,Leno,Leno,GK,,86,114,2649,yes
2019-20,Cody,settled,David Luiz,David Luiz,DEF,,80,94,2809,yes
2019-20,Cody,settled,King,King,FWD,,60,99,2010,yes
2019-20,Cody,settled,David Silva,David Silva,MID,,50,139,1821,yes
2019-20,Cody,settled,Lucas Moura,Lucas Moura,MID,,20,100,2235,yes
2019-20,Cody,settled,de Gea,de Gea,GK,,10,143,3420,yes
2019-20,Lakshman,settled,Salah,Salah,MID,,1050,233,2879,yes
2019-20,Lakshman,settled,Kane,Kane,FWD,,800,158,2588,yes
2019-20,Lakshman,settled,Alexander-Arnold,Alexander-Arnold,DEF,,400,210,3173,yes
2019-20,Lakshman,settled,Ederson,Ederson,GK,,330,133,3071,yes
2019-20,Lakshman,settled,Bernardo Silva,Bernardo Silva,MID,,260,116,2021,yes
2019-20,Lakshman,settled,Willian,Willian,MID,,70,168,2595,yes
2019-20,Lakshman,settled,Alderweireld,Alderweireld,DEF,,38,97,2957,yes
2019-20,Lakshman,settled,Walcott,Walcott,MID,,10,63,1281,yes
2019-20,Lakshman,settled,Mkhitaryan,Mkhitaryan,MID,,10,4,110,yes
2019-20,Lakshman,settled,Deulofeu,Deulofeu,FWD,,10,88,2097,yes
2019-20,Lakshman,settled,Murray,Murray,FWD,,10,36,785,yes
2019-20,Lakshman,settled,Dunk,Dunk,DEF,,1,128,3230,yes
2019-20,Lakshman,settled,Boly,Boly,DEF,,1,97,1980,yes
2019-20,Lakshman,settled,Bellerín,Bellerín,DEF,,1,44,1156,yes
2019-20,Lakshman,settled,Begovic,Begovic,GK,,1,0,0,yes
2019-20,Milo,settled,Agüero,Agüero,FWD,,1050,132,1449,yes
2019-20,Milo,settled,Eriksen,Eriksen,MID,,370,48,1090,yes
2019-20,Milo,settled,Laporte,Laporte,DEF,,340,63,1096,yes
2019-20,Milo,settled,Wan-Bissaka,Wan-Bissaka,DEF,,230,127,3070,yes
2019-20,Milo,settled,Pogba,Pogba,MID,,200,51,1202,yes
2019-20,Milo,settled,Jota,Jota,FWD,,150,105,2278,yes
2019-20,Milo,settled,Jesus,Jesus,FWD,,120,146,2018,yes
2019-20,Milo,settled,Pereira,Pereira,DEF,,120,123,2520,yes
2019-20,Milo,settled,Coleman,Coleman,DEF,,105,55,1833,yes
2019-20,Milo,settled,Milivojevic,Milivojevic,MID,,80,81,2510,yes
2019-20,Milo,settled,Pickford,Pickford,GK,,40,117,3420,yes
2019-20,Milo,settled,Maguire,Maguire,DEF,,13,123,3420,yes
2019-20,Milo,settled,Hudson-Odoi,Hudson-Odoi,MID,,10,53,849,yes
2019-20,Milo,settled,Lloris,Lloris,GK,,10,98,1808,yes
2019-20,Milo,settled,Jota,Jota,MID,,10,17,329,yes
2019-20,Olli,settled,Aubameyang,Aubameyang,FWD,,950,205,3136,yes
2019-20,Olli,settled,Firmino,Firmino,FWD,,520,155,2985,yes
2019-20,Olli,settled,Rashford,Rashford,FWD,,490,177,2645,yes
2019-20,Olli,settled,Robertson,Robertson,DEF,,440,181,3111,yes
2019-20,Olli,settled,Felipe Anderson,Felipe Anderson,MID,,290,66,1493,yes
2019-20,Olli,settled,Gomez,Gomez,DEF,,15,93,1999,yes
2019-20,Olli,settled,Ward-Prowse,Ward-Prowse,MID,,10,117,3420,yes
2019-20,Olli,settled,Hourihane,Hourihane,MID,,10,83,1526,yes
2019-20,Olli,settled,McNeil,McNeil,MID,,10,123,3339,yes
2019-20,Olli,settled,Schmeichel,Schmeichel,GK,,10,156,3420,yes
2019-20,Olli,settled,Pereyra,Pereyra,MID,,1,60,1641,yes
2019-20,Olli,settled,Cresswell,Cresswell,DEF,,1,79,2727,yes
2019-20,Olli,settled,Aarons,Aarons,DEF,,1,66,3240,yes
2019-20,Olli,settled,Delph,Delph,DEF,,1,24,1187,yes
2019-20,Olli,settled,Dubravka,Dubravka,GK,,1,143,3420,yes
2019-20,Trent,settled,Sterling,Sterling,MID,,1000,204,2651,yes
2019-20,Trent,settled,Richarlison,Richarlison,MID,,500,165,3070,yes
2019-20,Trent,settled,Fraser,Fraser,MID,,330,73,2061,yes
2019-20,Trent,settled,Alisson,Alisson,GK,,290,122,2543,yes
2019-20,Trent,settled,Sané,Sané,MID,,200,1,11,yes
2019-20,Trent,settled,Doherty,Doherty,DEF,,180,167,2836,yes
2019-20,Trent,settled,Maddison,Maddison,MID,,180,125,2624,yes
2019-20,Trent,settled,Shaw,Shaw,DEF,,75,67,1730,yes
2019-20,Trent,settled,Pukki,Pukki,FWD,,50,139,2884,yes
2019-20,Trent,settled,Mendy,Mendy,DEF,,10,74,1491,yes
2019-20,Trent,settled,Wesley,Wesley,FWD,,10,67,1782,yes
2019-20,Trent,settled,Sharp,Sharp,FWD,,10,57,1037,yes
2019-20,Trent,settled,Adam Smith,Adam Smith,DEF,,1,49,2055,yes
2019-20,Trent,settled,Diop,Diop,DEF,,1,76,2765,yes
2019-20,Trent,settled,Fabianski,Fabianski,GK,,1,83,2117,yes
2019-20,Vikash,settled,De Bruyne,De Bruyne,MID,,940,251,2790,yes
2019-20,Vikash,settled,Zinchenko,Zinchenko,DEF,,171,49,1271,yes
2019-20,Vikash,settled,Aké,Aké,DEF,,71,79,2503,yes
2019-20,Vikash,settled,Patrício,Patrício,GK,,61,153,3420,yes
2019-20,Vikash,settled,Lukaku,Lukaku,FWD,,40,0,0,yes
2019-20,Vikash,settled,Maitland-Niles,Maitland-Niles,DEF,,1,41,1382,yes
2019-20,Vikash,settled,Holebas,Holebas,DEF,,1,21,1022,yes
2019-20,Vikash,settled,Bailly,Bailly,DEF,,1,9,148,yes
2019-20,Vikash,settled,Drmic,Drmic,FWD,,1,26,636,yes
2019-20,Vikash,settled,Bissouma,Bissouma,MID,,1,39,1253,yes
2019-20,Vikash,settled,Xhaka,Xhaka,MID,,1,73,2586,yes
2019-20,Vikash,settled,Ampadu,Ampadu,MID,,1,0,0,yes
2019-20,Vikash,settled,Janssen,Janssen,FWD,,1,0,0,yes
2019-20,Vikash,settled,Cavaleiro,Cavaleiro,MID,,1,0,0,yes
2019-20,Vikash,settled,Hart,Hart,GK,,1,0,0,yes
2020-21,Alex Patton,rebid,Grealish,Grealish,MID,,650,135,2183,yes
2020-21,Alex Patton,rebid,Pulisic,Pulisic,MID,,425,82,1731,yes
2020-21,Alex Patton,rebid,Kane,Kane,FWD,,400,242,3083,yes
2020-21,Alex Patton,rebid,Rashford,Rashford,MID,,400,174,2917,yes
2020-21,Alex Patton,auction,Sterling,Sterling,MID,,350,154,2534,yes
2020-21,Alex Patton,auction,Vardy,Vardy,FWD,,350,187,2838,yes
2020-21,Alex Patton,rebid,Willian,Willian,MID,,225,78,1398,yes
2020-21,Alex Patton,rebid,Lacazette,Lacazette,FWD,,200,129,1916,yes
2020-21,Alex Patton,rebid,Pogba,Pogba,MID,,200,92,1892,yes
2020-21,Alex Patton,rebid,Azpilicueta,Azpilicueta,DEF,,175,113,2187,yes
2020-21,Alex Patton,rebid,Maupay,Maupay,FWD,,160,105,2508,yes
2020-21,Alex Patton,rebid,Patrício,Patrício,GK,,160,132,3330,yes
2020-21,Alex Patton,auction,Zaha,Zaha,MID,,130,136,2612,yes
2020-21,Alex Patton,auction,Mahrez,Mahrez,MID,,100,145,1945,yes
2020-21,Alex Patton,rebid,Foden,Foden,MID,,90,135,1607,yes
2020-21,Alex Patton,rebid,Mina,Mina,DEF,,90,79,1936,yes
2020-21,Alex Patton,auction,Maupay,Maupay,FWD,,25,105,2508,yes
2020-21,Alex Patton,auction,Digne,Digne,DEF,,20,120,2681,yes
2020-21,Alex Patton,auction,Pereira,Pereira,DEF,,15,27,954,yes
2020-21,Alex Patton,auction,Patrício,Patrício,GK,,10,132,3330,yes
2020-21,Alex Patton,rebid,Tielemans,Tielemans,MID,,10,133,3356,yes
2020-21,Alex Patton,blind,Dubravka,Dubravka,GK,,7,48,1170,yes
2020-21,Alex Patton,auction,James,James,MID,,5,43,907,yes
2020-21,Alex Patton,auction,Alonso,Alonso,DEF,,5,57,958,yes
2020-21,Alex Patton,auction,Ward-Prowse,Ward-Prowse,MID,,5,156,3420,yes
2020-21,Alex Patton,auction,Aké,Aké,DEF,,5,29,797,yes
2020-21,Alex Patton,blind,Otamendi,Otamendi,DEF,,2,0,0,yes
2020-21,Alex Patton,blind,Murray,Murray,FWD,,2,0,0,yes
2020-21,Alex Patton,rebid,Dunk,Dunk,DEF,,,130,2932,yes
2020-21,Alex Patton,rebid,Vardy,Vardy,FWD,,,187,2838,yes
2020-21,Alex Patton,rebid,Firmino,Firmino,FWD,,,141,2837,yes
2020-21,Alex Patton,rebid,Ings,Ings,FWD,,,131,2172,yes
2020-21,Alex Patton,rebid,Alexander-Arnold,Alexander-Arnold,DEF,,,160,3029,yes
2020-21,Alex Patton,rebid,Zaha,Zaha,MID,,,136,2612,yes
2020-21,Alex Patton,rebid,Robertson,Robertson,DEF,,,161,3384,yes
2020-21,Alex Patton,rebid,Fabianski,Fabianski,GK,,,133,3150,yes
2020-21,Alex Patton,rebid,Mings,Mings,DEF,,,128,3194,yes
2020-21,Alex Patton,rebid,Dunk,Dunk,DEF,,,130,2932,yes
2020-21,Alex Patton,rebid,Targett,Targett,DEF,,,138,3404,yes
2020-21,Damien,rebid,Calvert-Lewin,Calvert-Lewin,FWD,,700,165,2871,yes
2020-21,Damien,rebid,Dallas,Dallas,DEF,,610,171,3410,yes
2020-21,Damien,auction,Alexander-Arnold,Alexander-Arnold,DEF,,440,160,3029,yes
2020-21,Damien,rebid,Ogbonna,Ogbonna,DEF,,410,100,2492,yes
2020-21,Damien,rebid,Firmino,Firmino,FWD,,400,141,2837,yes
2020-21,Damien,rebid,Neto,Neto,MID,,350,124,2549,yes
2020-21,Damien,auction,Aubameyang,Aubameyang,MID,,300,131,2330,yes
2020-21,Damien,rebid,Son,Son,MID,,200,228,3119,yes
2020-21,Damien,rebid,Pépé,Pépé,MID,,200,114,1606,yes
2020-21,Damien,rebid,Richarlison,Richarlison,FWD,,200,123,2862,yes
2020-21,Damien,rebid,Robertson,Robertson,DEF,,200,161,3384,yes
2020-21,Damien,auction,Davis,Davis,FWD,,151,23,265,yes
2020-21,Damien,rebid,Lloris,Lloris,GK,,133,149,3420,yes
2020-21,Damien,auction,Jesus,Jesus,FWD,,100,115,2056,yes
2020-21,Damien,rebid,Bowen,Bowen,MID,,100,141,2556,yes
2020-21,Damien,rebid,Traoré,Traoré,MID,,100,94,2640,yes
2020-21,Damien,rebid,Trossard,Trossard,MID,,90,132,2602,yes
2020-21,Damien,rebid,Tarkowski,Tarkowski,DEF,,80,109,3240,yes
2020-21,Damien,rebid,Boly,Boly,DEF,,80,68,1879,yes
2020-21,Damien,rebid,Moutinho,Moutinho,MID,,80,73,2526,yes
2020-21,Damien,rebid,Saïss,Saïss,DEF,,80,99,2407,yes
2020-21,Damien,rebid,Dendoncker,Dendoncker,MID,,80,77,2498,yes
2020-21,Damien,rebid,Martínez,Martínez,GK,,80,186,3420,yes
2020-21,Damien,auction,Baldock,Baldock,DEF,,40,63,2787,yes
2020-21,Damien,rebid,Bellerín,Bellerín,DEF,,40,94,2089,yes
2020-21,Damien,auction,Moutinho,Moutinho,MID,,11,73,2526,yes
2020-21,Damien,auction,Arrizabalaga,Arrizabalaga,GK,,5,26,585,yes
2020-21,Damien,auction,Coady,Coady,DEF,,5,106,3303,yes
2020-21,Damien,auction,Dendoncker,Dendoncker,MID,,5,77,2498,yes
2020-21,Damien,auction,Martínez,Martínez,GK,,5,186,3420,yes
2020-21,Damien,auction,Egan,Egan,DEF,,2,57,2628,yes
2020-21,Damien,auction,Saïss,Saïss,DEF,,2,99,2407,yes
2020-21,Damien,auction,Noble,Noble,MID,,2,27,701,yes
2020-21,Damien,auction,Rice,Rice,MID,,2,86,2880,yes
2020-21,Damien,auction,Brewster,Brewster,FWD,,2,34,1113,yes
2020-21,Damien,rebid,Barnes,Barnes,MID,,,126,1944,yes
2020-21,Damien,rebid,Calvert-Lewin,Calvert-Lewin,FWD,,,165,2871,yes
2020-21,Damien,rebid,Grealish,Grealish,MID,,,135,2183,yes
2020-21,Damien,rebid,Maupay,Maupay,FWD,,,105,2508,yes
2020-21,Damien,rebid,Adams,Adams,FWD,,,137,2662,yes
2020-21,Damien,rebid,Pope,Pope,GK,,,144,2880,yes
2020-21,Damien,rebid,Coady,Coady,DEF,,,106,3303,yes
2020-21,Damien,rebid,Bellerín,Bellerín,DEF,,,94,2089,yes
2020-21,Damien,rebid,Saïss,Saïss,DEF,,,99,2407,yes
2020-21,Damien,rebid,Martínez,Martínez,GK,,,186,3420,yes
2020-21,Hin,auction,Martial,Martial,FWD,,300,75,1477,yes
2020-21,Hin,rebid,Mahrez,Mahrez,MID,,275,145,1945,yes
2020-21,Hin,auction,Pulisic,Pulisic,MID,,270,82,1731,yes
2020-21,Hin,auction,van Dijk,van Dijk,DEF,,230,15,370,yes
2020-21,Hin,rebid,Torres,Torres,MID,,225,95,1297,yes
2020-21,Hin,rebid,Havertz,Havertz,MID,,225,91,1512,yes
2020-21,Hin,auction,Laporte,Laporte,DEF,,200,58,1343,yes
2020-21,Hin,rebid,Ziyech,Ziyech,MID,,200,70,1164,yes
2020-21,Hin,rebid,Walker,Walker,DEF,,200,91,1944,yes
2020-21,Hin,rebid,Maguire,Maguire,DEF,,200,124,3047,yes
2020-21,Hin,rebid,Alisson,Alisson,GK,,160,140,2970,yes
2020-21,Hin,rebid,Laporte,Laporte,DEF,,160,58,1343,yes
2020-21,Hin,rebid,Maguire,Maguire,DEF,,160,124,3047,yes
2020-21,Hin,rebid,Werner,Werner,FWD,,150,128,2598,yes
2020-21,Hin,rebid,McGinn,McGinn,MID,,140,114,3330,yes
2020-21,Hin,rebid,Azpilicueta,Azpilicueta,DEF,,100,113,2187,yes
2020-21,Hin,auction,Alisson,Alisson,GK,,80,140,2970,yes
2020-21,Hin,rebid,Walker,Walker,DEF,,80,91,1944,yes
2020-21,Hin,rebid,Mitrović,Mitrović,FWD,,80,63,1389,yes
2020-21,Hin,rebid,Jonny,Jonny,DEF,,80,16,496,yes
2020-21,Hin,auction,Bernardo Silva,Bernardo Silva,MID,,60,94,2063,yes
2020-21,Hin,rebid,Pépé,Pépé,MID,,25,114,1606,yes
2020-21,Hin,auction,Pépé,Pépé,MID,,20,114,1606,yes
2020-21,Hin,auction,Alli,Alli,MID,,20,30,613,yes
2020-21,Hin,auction,Maguire,Maguire,DEF,,10,124,3047,yes
2020-21,Hin,rebid,Laporte,Laporte,DEF,,10,58,1343,yes
2020-21,Hin,rebid,Mitrović,Mitrović,FWD,,10,63,1389,yes
2020-21,Hin,blind,Antonio,Antonio,FWD,,10,118,1972,yes
2020-21,Hin,auction,Ayew,Ayew,FWD,,5,70,2086,yes
2020-21,Hin,auction,van Aanholt,van Aanholt,DEF,,5,54,1775,yes
2020-21,Hin,blind,Rice,Rice,MID,,1,86,2880,yes
2020-21,Hin,rebid,Mahrez,Mahrez,MID,,,145,1945,yes
2020-21,Hin,rebid,Ziyech,Ziyech,MID,,,70,1164,yes
2020-21,Hin,rebid,Ederson,Ederson,GK,,,160,3240,yes
2020-21,Hin,rebid,Schmeichel,Schmeichel,GK,,,128,3420,yes
2020-21,Hin,rebid,Rodriguez,Rodríguez,MID,,,101,1763,yes
2020-21,Hin,rebid,Havertz,Havertz,MID,,,91,1512,yes
2020-21,Hin,blind,Rudiger,Rüdiger,DEF,,,93,1710,yes
2020-21,Hin,blind,Noble,Noble,MID,,,27,701,yes
2020-21,Jonathan,rebid,Watkins,Watkins,FWD,,690,168,3328,yes
2020-21,Jonathan,rebid,Rodriguez,Rodríguez,MID,,625,101,1763,yes
2020-21,Jonathan,rebid,Sterling,Sterling,MID,,400,154,2534,yes
2020-21,Jonathan,rebid,Barnes,Barnes,MID,,400,126,1944,yes
2020-21,Jonathan,rebid,Cancelo,Cancelo,DEF,,380,138,2298,yes
2020-21,Jonathan,rebid,Martial,Martial,FWD,,200,75,1477,yes
2020-21,Jonathan,rebid,Fornals,Fornals,MID,,200,125,2571,yes
2020-21,Jonathan,rebid,Adams,Adams,FWD,,200,137,2662,yes
2020-21,Jonathan,rebid,Ederson,Ederson,GK,,160,160,3240,yes
2020-21,Jonathan,rebid,Doherty,Doherty,DEF,,160,47,1238,yes
2020-21,Jonathan,rebid,Schmeichel,Schmeichel,GK,,160,128,3420,yes
2020-21,Jonathan,rebid,Chilwell,Chilwell,DEF,,160,139,2286,yes
2020-21,Jonathan,rebid,Wan-Bissaka,Wan-Bissaka,DEF,,160,144,3060,yes
2020-21,Jonathan,rebid,Harrison,Harrison,MID,,150,160,2846,yes
2020-21,Jonathan,auction,Son,Son,MID,,130,228,3119,yes
2020-21,Jonathan,auction,Chilwell,Chilwell,DEF,,125,139,2286,yes
2020-21,Jonathan,auction,Ederson,Ederson,GK,,100,160,3240,yes
2020-21,Jonathan,rebid,Barkley,Barkley,MID,,90,76,1566,yes
2020-21,Jonathan,auction,Doherty,Doherty,DEF,,60,47,1238,yes
2020-21,Jonathan,auction,Wan-Bissaka,Wan-Bissaka,DEF,,55,144,3060,yes
2020-21,Jonathan,auction,Pogba,Pogba,MID,,50,92,1892,yes
2020-21,Jonathan,auction,Jonny,Jonny,DEF,,50,16,496,yes
2020-21,Jonathan,auction,Wood,Wood,FWD,,35,138,2741,yes
2020-21,Jonathan,auction,Lacazette,Lacazette,FWD,,30,129,1916,yes
2020-21,Jonathan,auction,Schmeichel,Schmeichel,GK,,25,128,3420,yes
2020-21,Jonathan,auction,Tarkowski,Tarkowski,DEF,,25,109,3240,yes
2020-21,Jonathan,auction,Lucas Moura,Lucas Moura,MID,,20,80,1397,yes
2020-21,Jonathan,auction,Mitrović,Mitrović,FWD,,15,63,1389,yes
2020-21,Jonathan,auction,Greenwood,Greenwood,MID,,10,106,1813,yes
2020-21,Jonathan,auction,Barnes,Barnes,MID,,10,126,1944,yes
2020-21,Jonathan,rebid,Sterling,Sterling,MID,,,154,2534,yes
2020-21,Jonathan,rebid,Martial,Martial,FWD,,,75,1477,yes
2020-21,Jonathan,rebid,Son,Son,MID,,,228,3119,yes
2020-21,Jonathan,rebid,Richarlison,Richarlison,FWD,,,123,2862,yes
2020-21,Jonathan,rebid,Fornals,Fornals,MID,,,125,2571,yes
2020-21,Jonathan,rebid,Alisson,Alisson,GK,,,140,2970,yes
2020-21,Jonathan,rebid,Chilwell,Chilwell,DEF,,,139,2286,yes
2020-21,Jonathan,rebid,Cancelo,Cancelo,DEF,,,138,2298,yes
2020-21,Jonathan,rebid,Wan-Bissaka,Wan-Bissaka,DEF,,,144,3060,yes
2020-21,Jonathan,rebid,McGinn,McGinn,MID,,,114,3330,yes
2020-21,Jonathan,rebid,de Gea,de Gea,GK,,,91,2295,yes
2020-21,Jonathan,rebid,Holding,Holding,DEF,,,105,2557,yes
2020-21,Jonathan,rebid,Justin,Justin,DEF,,,101,2070,yes
2020-21,Jonathan,rebid,Watkins,Watkins,FWD,,,168,3328,yes
2020-21,Lakshman,rebid,Werner,Werner,FWD,,750,128,2598,yes
2020-21,Lakshman,auction,Salah,Salah,MID,,525,231,3077,yes
2020-21,Lakshman,auction,De Bruyne,De Bruyne,MID,,525,141,1995,yes
2020-21,Lakshman,rebid,Abraham,Abraham,FWD,,425,69,1031,yes
2020-21,Lakshman,rebid,Mané,Mané,MID,,400,176,2808,yes
2020-21,Lakshman,rebid,Fernandes,Fernandes,MID,,400,244,3101,yes
2020-21,Lakshman,rebid,Zouma,Zouma,DEF,,262,108,2027,yes
2020-21,Lakshman,rebid,Tielemans,Tielemans,MID,,260,133,3356,yes
2020-21,Lakshman,rebid,Ward-Prowse,Ward-Prowse,MID,,241,156,3420,yes
2020-21,Lakshman,auction,Robertson,Robertson,DEF,,190,161,3384,yes
2020-21,Lakshman,auction,Gomez,Gomez,DEF,,175,10,589,yes
2020-21,Lakshman,auction,Walker,Walker,DEF,,165,91,1944,yes
2020-21,Lakshman,rebid,Bamford,Bamford,FWD,,160,194,3052,yes
2020-21,Lakshman,rebid,van Aanholt,van Aanholt,DEF,,110,54,1775,yes
2020-21,Lakshman,rebid,Cresswell,Cresswell,DEF,,93,153,3170,yes
2020-21,Lakshman,rebid,Matip,Matip,DEF,,83,42,690,yes
2020-21,Lakshman,rebid,Guaita,Guaita,GK,,76,124,3330,yes
2020-21,Lakshman,rebid,Fabianski,Fabianski,GK,,73,133,3150,yes
2020-21,Lakshman,rebid,Wood,Wood,FWD,,66,138,2741,yes
2020-21,Lakshman,rebid,Soucek,Soucek,MID,,43,147,3420,yes
2020-21,Lakshman,rebid,Kilman,Kilman,DEF,,43,58,1307,yes
2020-21,Lakshman,rebid,Telles,Telles,DEF,,43,25,689,yes
2020-21,Lakshman,rebid,Tarkowski,Tarkowski,DEF,,40,109,3240,yes
2020-21,Lakshman,rebid,Pogba,Pogba,MID,,25,92,1892,yes
2020-21,Lakshman,rebid,Bailly,Bailly,DEF,,16,31,915,yes
2020-21,Lakshman,rebid,Jesus,Jesus,FWD,,11,115,2056,yes
2020-21,Lakshman,blind,Ryan,Ryan,GK,,11,37,1260,yes
2020-21,Lakshman,auction,Bamford,Bamford,FWD,,5,194,3052,yes
2020-21,Lakshman,blind,Dunk,Dunk,DEF,,2,130,2932,yes
2020-21,Lakshman,blind,Groß,Groß,MID,,2,116,2479,yes
2020-21,Lakshman,blind,Dallas,Dallas,DEF,,2,171,3410,yes
2020-21,Lakshman,blind,Guaita,Guaita,GK,,2,124,3330,yes
2020-21,Lakshman,blind,Onomah,Onomah,MID,,2,13,369,yes
2020-21,Lakshman,blind,Bissouma,Bissouma,MID,,2,77,3112,yes
2020-21,Lakshman,blind,McBurnie,McBurnie,FWD,,2,44,1316,yes
2020-21,Lakshman,blind,Joelinton,Joelinton,FWD,,1,74,1979,yes
2020-21,Lakshman,rebid,Salah,Salah,MID,,,231,3077,yes
2020-21,Lakshman,rebid,De Bruyne,De Bruyne,MID,,,141,1995,yes
2020-21,Lakshman,rebid,Ward-Prowse,Ward-Prowse,MID,,,156,3420,yes
2020-21,Lakshman,rebid,Bamford,Bamford,FWD,,,194,3052,yes
2020-21,Lakshman,rebid,Patrício,Patrício,GK,,,132,3330,yes
2020-21,Lakshman,rebid,Zinchenko,Zinchenko,DEF,,,69,1473,yes
2020-21,Lakshman,rebid,Guaita,Guaita,GK,,,124,3330,yes
2020-21,Lakshman,rebid,Zouma,Zouma,DEF,,,108,2027,yes
2020-21,Lakshman,rebid,Cresswell,Cresswell,DEF,,,153,3170,yes
2020-21,Lakshman,rebid,Soucek,Soucek,MID,,,147,3420,yes
2020-21,Milo,auction,Mané,Mané,MID,,425,176,2808,yes
2020-21,Milo,auction,Fernandes,Fernandes,MID,,425,244,3101,yes
2020-21,Milo,rebid,Salah,Salah,MID,,400,231,3077,yes
2020-21,Milo,rebid,De Bruyne,De Bruyne,MID,,400,141,1995,yes
2020-21,Milo,rebid,Wilson,Wilson,FWD,,350,134,2081,yes
2020-21,Milo,auction,Werner,Werner,FWD,,250,128,2598,yes
2020-21,Milo,rebid,Cavani,Cavani,FWD,,250,99,1364,yes
2020-21,Milo,rebid,Costa,Costa,MID,,150,63,1150,yes
2020-21,Milo,rebid,Digne,Digne,DEF,,140,120,2681,yes
2020-21,Milo,rebid,Coady,Coady,DEF,,40,106,3303,yes
2020-21,Milo,rebid,Cavani,Cavani,FWD,,25,99,1364,yes
2020-21,Milo,auction,Maddison,Maddison,MID,,10,133,2093,yes
2020-21,Milo,auction,Traoré,Traoré,MID,,10,94,2640,yes
2020-21,Milo,auction,Ramsdale,Ramsdale,GK,,6,123,3420,yes
2020-21,Milo,auction,Haller,Haller,FWD,,5,41,932,yes
2020-21,Milo,auction,de Gea,de Gea,GK,,5,91,2295,yes
2020-21,Milo,auction,Boly,Boly,DEF,,5,68,1879,yes
2020-21,Milo,auction,Lundstram,Lundstram,MID,,5,48,2027,yes
2020-21,Milo,auction,Shaw,Shaw,DEF,,5,124,2653,yes
2020-21,Milo,auction,Lindelöf,Lindelöf,DEF,,5,102,2585,yes
2020-21,Milo,auction,Mee,Mee,DEF,,1,102,2693,yes
2020-21,Milo,auction,O'Connell,O'Connell,DEF,,1,3,180,yes
2020-21,Milo,auction,Zohore,Zohore,FWD,,1,0,0,yes
2020-21,Milo,rebid,Mané,Mané,MID,,,176,2808,yes
2020-21,Milo,rebid,Fernandes,Fernandes,MID,,,244,3101,yes
2020-21,Milo,rebid,Digne,Digne,DEF,,,120,2681,yes
2020-21,Milo,rebid,Boly,Boly,DEF,,,68,1879,yes
2020-21,Milo,rebid,Armstrong,Armstrong,MID,,,115,2764,yes
2020-21,Milo,rebid,Callum Robinson,Callum Robinson,FWD,,,79,1552,yes
2020-21,Milo,rebid,Darlow,Darlow,GK,,,80,2250,yes
2020-21,Milo,rebid,Keane,Keane,DEF,,,127,2989,yes
2020-21,Milo,rebid,Lindelöf,Lindelöf,DEF,,,102,2585,yes
2020-21,Milo,rebid,March,March,MID,,,69,1670,yes
2020-21,Milo,rebid,Wilson,Wilson,FWD,,,134,2081,yes
2020-21,Robbie,auction,Agüero,Agüero,FWD,,400,38,554,yes
2020-21,Robbie,rebid,Ings,Ings,FWD,,400,131,2172,yes
2020-21,Robbie,rebid,Jiménez,Jiménez,FWD,,400,43,824,yes
2020-21,Robbie,rebid,Sigurdsson,Sigurdsson,MID,,375,122,2244,yes
2020-21,Robbie,auction,Jiménez,Jiménez,FWD,,340,43,824,yes
2020-21,Robbie,rebid,Mount,Mount,MID,,325,147,2887,yes
2020-21,Robbie,rebid,Saka,Saka,MID,,300,114,2554,yes
2020-21,Robbie,rebid,Jota,Jota,MID,,280,86,1106,yes
2020-21,Robbie,rebid,Pope,Pope,GK,,160,144,2880,yes
2020-21,Robbie,rebid,Tierney,Tierney,DEF,,160,96,2299,yes
2020-21,Robbie,rebid,Alderweireld,Alderweireld,DEF,,160,88,2240,yes
2020-21,Robbie,auction,Ings,Ings,FWD,,130,131,2172,yes
2020-21,Robbie,auction,Azpilicueta,Azpilicueta,DEF,,100,113,2187,yes
2020-21,Robbie,rebid,Foden,Foden,MID,,100,135,1607,yes
2020-21,Robbie,rebid,Walcott,Walcott,MID,,90,76,1629,yes
2020-21,Robbie,auction,Willian,Willian,MID,,80,78,1398,yes
2020-21,Robbie,rebid,Holgate,Holgate,DEF,,80,80,2286,yes
2020-21,Robbie,auction,Tierney,Tierney,DEF,,45,96,2299,yes
2020-21,Robbie,rebid,Eze,Eze,MID,,41,125,2555,yes
2020-21,Robbie,auction,Pope,Pope,GK,,25,144,2880,yes
2020-21,Robbie,auction,Stevens,Stevens,DEF,,5,56,2700,yes
2020-21,Robbie,auction,Alderweireld,Alderweireld,DEF,,5,88,2240,yes
2020-21,Robbie,rebid,Maddison,Maddison,MID,,,133,2093,yes
2020-21,Robbie,rebid,Konsa,Konsa,DEF,,,119,3195,yes
2020-21,Robbie,rebid,Lacazette,Lacazette,FWD,,,129,1916,yes
2020-21,Robbie,rebid,Maddison,Maddison,MID,,,133,2093,yes
2020-21,Robbie,rebid,Walcott,Walcott,MID,,,76,1629,yes
2020-21,Robbie,rebid,Tierney,Tierney,DEF,,,96,2299,yes
2020-21,Robbie,rebid,Alderweireld,Alderweireld,DEF,,,88,2240,yes
2020-21,Robbie,rebid,Lloris,Lloris,GK,,,149,3420,yes
2020-21,Robbie,rebid,Konsa,Konsa,DEF,,,119,3195,yes
2020-21,Robbie,rebid,Mendy,Mendy,GK,,,140,2745,yes
2020-21,Robbie,rebid,Dias,Dias,DEF,,,142,2843,yes
2020-21,Trent,rebid,Bale,Bale,MID,,450,113,912,yes
2020-21,Trent,rebid,Aubameyang,Aubameyang,MID,,400,131,2330,yes
2020-21,Trent,rebid,Vardy,Vardy,FWD,,400,187,2838,yes
2020-21,Trent,rebid,Jesus,Jesus,FWD,,400,115,2056,yes
2020-21,Trent,auction,Firmino,Firmino,FWD,,300,141,2837,yes
2020-21,Trent,auction,Kane,Kane,FWD,,250,242,3083,yes
2020-21,Trent,auction,Rashford,Rashford,MID,,250,174,2917,yes
2020-21,Trent,rebid,Aubameyang,Aubameyang,MID,,250,131,2330,yes
2020-21,Trent,rebid,Alexander-Arnold,Alexander-Arnold,DEF,,200,160,3029,yes
2020-21,Trent,rebid,Zaha,Zaha,MID,,200,136,2612,yes
2020-21,Trent,rebid,Abraham,Abraham,FWD,,175,69,1031,yes
2020-21,Trent,auction,Richarlison,Richarlison,FWD,,110,123,2862,yes
2020-21,Trent,rebid,El Ghazi,El Ghazi,MID,,110,111,1604,yes
2020-21,Trent,rebid,Baldock,Baldock,DEF,,90,63,2787,yes
2020-21,Trent,rebid,Antonio,Antonio,FWD,,80,118,1972,yes
2020-21,Trent,rebid,Pereira,Pereira,MID,,80,153,2574,yes
2020-21,Trent,auction,Ziyech,Ziyech,MID,,60,70,1164,yes
2020-21,Trent,auction,Söyüncü,Söyüncü,DEF,,20,59,1816,yes
2020-21,Trent,rebid,Doherty,Doherty,DEF,,10,47,1238,yes
2020-21,Trent,rebid,Gündogan,Gündogan,MID,,10,157,2025,yes
2020-21,Trent,rebid,Leno,Leno,GK,,10,131,3131,yes
2020-21,Trent,rebid,Mee,Mee,DEF,,10,102,2693,yes
2020-21,Trent,rebid,Bertrand,Bertrand,DEF,,10,78,2598,yes
2020-21,Trent,rebid,Adarabioyo,Adarabioyo,DEF,,10,100,2953,yes
2020-21,Trent,auction,Mendy,Mendy,DEF,,5,63,951,yes
2020-21,Trent,auction,Saka,Saka,MID,,5,114,2554,yes
2020-21,Trent,blind,Meslier,Meslier,GK,,5,154,3150,yes
2020-21,Trent,blind,Pickford,Pickford,GK,,5,114,2742,yes
2020-21,Trent,blind,Ayling,Ayling,DEF,,5,100,3399,yes
2020-21,Trent,blind,Basham,Basham,DEF,,1,51,2576,yes
2020-21,Trent,blind,Bellerín,Bellerín,DEF,,1,94,2089,yes
2020-21,Trent,blind,Pereira,Pereira,MID,,1,153,2574,yes
2020-21,Trent,blind,Phillips,Phillips,MID,,1,67,2428,yes
2020-21,Trent,rebid,Kane,Kane,FWD,,,242,3083,yes
2020-21,Trent,rebid,Rashford,Rashford,MID,,,174,2917,yes
2020-21,Trent,rebid,Antonio,Antonio,FWD,,,118,1972,yes
2020-21,Trent,rebid,Mina,Mina,DEF,,,79,1936,yes
2020-21,Trent,rebid,Klich,Klich,MID,,,99,2386,yes
2020-21,Trent,rebid,McCarthy,McCarthy,GK,,,94,2700,yes
2021-22,Chris,settled,Kane,Kane,FWD,,1300,192,3231,yes
2021-22,Chris,settled,Ronaldo,Ronaldo,FWD,,1100,159,2454,yes
2021-22,Chris,settled,Lukaku,Lukaku,FWD,,800,87,1583,yes
2021-22,Chris,settled,Sterling,Sterling,MID,,600,163,2121,yes
2021-22,Chris,settled,Gallagher,Gallagher,MID,,142,140,2843,yes
2021-22,Chris,settled,Thiago Silva,Thiago Silva,DEF,,106,130,2649,yes
2021-22,Chris,settled,Coutinho,Coutinho,MID,,100,83,1327,yes
2021-22,Chris,settled,Coady,Coady,DEF,,56,138,3361,yes
2021-22,Chris,settled,Matip,Matip,DEF,,24,170,2790,yes
2021-22,Chris,settled,Ederson,Ederson,GK,,20,155,3330,yes
2021-22,Chris,settled,Pickford,Pickford,GK,,18,116,3150,yes
2021-22,Chris,settled,Saiss,Saïss,DEF,,18,109,2706,yes
2021-22,Chris,settled,Alonso,Alonso,DEF,,10,128,2164,yes
2021-22,Chris,settled,Lucas Moura,Lucas Moura,MID,,10,87,1763,yes
2021-22,Chris,settled,Smith Rowe,Smith Rowe,MID,,10,125,1909,yes
2021-22,Damien,settled,Vardy,Vardy,FWD,,640,133,1801,yes
2021-22,Damien,settled,Bowen,Bowen,MID,,452,206,2987,yes
2021-22,Damien,settled,Mahrez,Mahrez,MID,,400,135,1485,yes
2021-22,Damien,settled,Grealish,Grealish,MID,,400,86,1910,yes
2021-22,Damien,settled,Curcurella,Cucurella,DEF,,226,126,3089,yes
2021-22,Damien,settled,Lloris,Lloris,GK,,182,158,3420,yes
2021-22,Damien,settled,Cresswell,Cresswell,DEF,,106,115,2726,yes
2021-22,Damien,settled,White,White,DEF,,102,107,2880,yes
2021-22,Damien,settled,SÃ¡,Sá,GK,,101,146,3285,yes
2021-22,Damien,settled,Sancho,Sancho,MID,,100,91,1894,yes
2021-22,Damien,settled,GÃ¼ndogan,Gündogan,MID,,50,124,1851,yes
2021-22,Damien,settled,Wilson,Wilson,FWD,,50,75,1386,yes
2021-22,Damien,settled,Guehi,Guéhi,DEF,,10,123,3222,yes
2021-22,Damien,settled,Jansson,Jansson,DEF,,10,122,3321,yes
2021-22,Damien,settled,Toney,Toney,FWD,,10,139,2908,yes
2021-22,Doug,settled,KDB,De Bruyne,MID,,1400,196,2196,yes
2021-22,Doug,settled,Bernardo,Bernardo,MID,,950,155,2856,yes
2021-22,Doug,settled,Maddison,Maddison,MID,,800,181,2454,yes
2021-22,Doug,settled,Mendy (chelsea),Mendy,GK,,210,130,3060,yes
2021-22,Doug,settled,Walker,Walker,DEF,,50,85,1755,yes
2021-22,Doug,settled,Pope,Pope,GK,,20,130,3240,yes
2021-22,Doug,settled,ReguilÃ³n,Reguilón,DEF,,20,104,1914,yes
2021-22,Doug,settled,Trossard,Trossard,MID,,20,141,2803,yes
2021-22,Doug,settled,Mings,Mings,DEF,,20,118,3188,yes
2021-22,Doug,settled,Pukki,Pukki,FWD,,20,142,3253,yes
2021-22,Doug,settled,Livramento,Livramento,DEF,,10,80,2200,yes
2021-22,Doug,settled,Marcal,Marçal,DEF,,10,67,1448,yes
2021-22,Doug,settled,Struijk,Struijk,DEF,,10,35,2050,yes
2021-22,Doug,settled,Van De Beek,van de Beek,MID,,10,31,550,yes
2021-22,Doug,settled,Broja,Broja,FWD,,10,92,1969,yes
2021-22,Jonno,settled,Son,Son,MID,,1000,258,3009,yes
2021-22,Jonno,settled,Jiminez,Jiménez,FWD,,150,101,2630,yes
2021-22,Jonno,settled,Gabriel,Gabriel,DEF,,101,146,3063,yes
2021-22,Jonno,settled,Ziyech,Ziyech,MID,,100,79,1311,yes
2021-22,Jonno,settled,Sanchez (Spurs),Sánchez,DEF,,25,93,1626,yes
2021-22,Jonno,settled,Cash,Cash,DEF,,20,147,3377,yes
2021-22,Jonno,settled,Semedo,Semedo,DEF,,18,94,2131,yes
2021-22,Jonno,settled,Martinez,Martínez,GK,,11,129,3240,yes
2021-22,Jonno,settled,Zaha,Zaha,MID,,11,150,2759,yes
2021-22,Jonno,settled,Tielemens,Tielemans,MID,,11,120,2629,yes
2021-22,Jonno,settled,Eduard,Edouard,FWD,,11,87,1554,yes
2021-22,Jonno,settled,Schmeichel,Schmeichel,GK,,10,131,3330,yes
2021-22,Jonno,settled,Maguire,Maguire,DEF,,10,69,2513,yes
2021-22,Jonno,settled,Harrison,Harrison,MID,,10,117,2638,yes
2021-22,Jonno,settled,King,King,FWD,,10,87,2244,yes
2021-22,Lakshman,settled,Alexander-Arnold,Alexander-Arnold,DEF,,1450,208,2853,yes
2021-22,Lakshman,settled,Jota,Jota,MID,,400,175,2357,yes
2021-22,Lakshman,settled,James,James,DEF,,310,141,1863,yes
2021-22,Lakshman,settled,Rashford,Rashford,MID,,300,63,1224,yes
2021-22,Lakshman,settled,Firmino,Firmino,FWD,,200,62,980,yes
2021-22,Lakshman,settled,Ings,Ings,FWD,,150,106,1891,yes
2021-22,Lakshman,settled,van Dijk,van Dijk,DEF,,144,183,3060,yes
2021-22,Lakshman,settled,Guaita,Guaita,GK,,20,119,2655,yes
2021-22,Lakshman,settled,SÃ¡nchez,Sánchez,GK,,20,126,3330,yes
2021-22,Lakshman,settled,Azpilicueta,Azpilicueta,DEF,,20,87,2067,yes
2021-22,Lakshman,settled,Mitchell,Mitchell,DEF,,10,109,3101,yes
2021-22,Lakshman,settled,Moutinho,Moutinho,MID,,10,96,2970,yes
2021-22,Lakshman,settled,Mbeumo,Mbeumo,MID,,10,119,2905,yes
2021-22,Lakshman,settled,Rodrigo,Rodrigo,MID,,10,127,2884,yes
2021-22,Lakshman,settled,Jesus,Jesus,FWD,,10,120,1871,yes
2021-22,Milo,settled,Salah,Salah,MID,,2000,265,2758,yes
2021-22,Milo,settled,Laporte,Laporte,DEF,,501,160,2830,yes
2021-22,Milo,settled,Watkins,Watkins,FWD,,450,131,2950,yes
2021-22,Milo,settled,Sarr,Sarr,MID,,102,81,1862,yes
2021-22,Milo,settled,Bamford,Bamford,FWD,,100,28,557,yes
2021-22,Milo,settled,"Barnes, Harvey",Barnes,MID,,50,137,2095,yes
2021-22,Milo,settled,Dunk,Dunk,DEF,,10,92,2573,yes
2021-22,Milo,settled,Bednarek,Bednarek,DEF,,10,94,2629,yes
2021-22,Milo,settled,Kilman,Kilman,DEF,,10,106,2688,yes
2021-22,Milo,settled,Dennis,Dennis,FWD,,10,134,2579,yes
2021-22,Milo,settled,Fabianski,Fabianski,GK,,1,136,3330,yes
2021-22,Milo,settled,Dubravka,Dubravka,GK,,1,96,2340,yes
2021-22,Milo,settled,Dier,Dier,DEF,,1,132,3071,yes
2021-22,Milo,settled,Ward-Prowse,Ward-Prowse,MID,,1,159,3215,yes
2021-22,Milo,settled,Jorginho,Jorginho,MID,,1,106,2271,yes
2021-22,Robbie,settled,Mane,Mané,MID,,1000,183,2818,yes
2021-22,Robbie,settled,Antonio,Antonio,FWD,,800,140,2975,yes
2021-22,Robbie,settled,Robertson,Robertson,DEF,,700,186,2537,yes
2021-22,Robbie,settled,Alisson,Alisson,GK,,446,176,3240,yes
2021-22,Robbie,settled,Raphinha,Raphinha,MID,,402,145,2916,yes
2021-22,Robbie,settled,Dias,Dias,DEF,,344,141,2401,yes
2021-22,Robbie,settled,BuendÃ­a,Buendía,MID,,302,107,1887,yes
2021-22,Robbie,settled,Calvert-Lewin,Calvert-Lewin,FWD,,200,64,1281,yes
2021-22,Robbie,settled,De Gea,de Gea,GK,,142,132,3420,yes
2021-22,Robbie,settled,Coufal,Coufal,DEF,,102,70,2207,yes
2021-22,Robbie,settled,Maupay,Maupay,FWD,,56,98,2269,yes
2021-22,Robbie,settled,RÃ¼diger,Rüdiger,DEF,,20,150,3035,yes
2021-22,Robbie,settled,Tierney,Tierney,DEF,,20,106,1916,yes
2021-22,Robbie,settled,Benrahma,Benrahma,MID,,20,138,2162,yes
2021-22,Robbie,settled,D.Gray,Gray,MID,,20,106,2336,yes
2021-22,Trent,settled,Fernandez,Fernandes,MID,,1700,151,3110,yes
2021-22,Trent,settled,Mount,Mount,MID,,800,169,2358,yes
2021-22,Trent,settled,Lacazette,Lacazette,FWD,,450,90,1773,yes
2021-22,Trent,settled,Richarlison,Richarlison,FWD,,350,125,2522,yes
2021-22,Trent,settled,Ramsdale,Ramsdale,GK,,201,135,3060,yes
2021-22,Trent,settled,Digne,Digne,DEF,,162,83,2440,yes
2021-22,Trent,settled,Cancelo,Cancelo,DEF,,154,201,3227,yes
2021-22,Trent,settled,Saka,Saka,MID,,102,179,2978,yes
2021-22,Trent,settled,Foden,Foden,MID,,100,137,2125,yes
2021-22,Trent,settled,Trippier,Trippier,DEF,,50,28,429,yes
2021-22,Trent,settled,Daka,Daka,FWD,,50,70,1152,yes
2021-22,Trent,settled,Tomiyasu,Tomiyasu,DEF,,22,75,1680,yes
2021-22,Trent,settled,Martinelli,Martinelli,MID,,20,110,1855,yes
2021-22,Trent,settled,Alt Nouri,Ait Nouri,DEF,,10,87,1826,yes
2021-22,Trent,settled,Foster,Foster,GK,,4,81,2340,yes
2023-24,Damien,live,Haaland,Haaland,FWD,,2600,217,2553,yes
2023-24,Damien,live,Mitrovic,Mitrović,FWD,,700,1,32,yes
2023-24,Damien,live,Diogo Jota,Diogo J.,MID,,400,110,1141,yes
2023-24,Damien,live,Trippier,Trippier,DEF,,400,111,2235,yes
2023-24,Damien,live,Alisson,A.Becker,GK,,300,107,2520,yes
2023-24,Damien,live,Gross,Gross,MID,,150,153,3112,yes
2023-24,Damien,blind,Mac Allister,Mac Allister,MID,,61,109,2600,yes
2023-24,Damien,blind,Schar,Schär,DEF,,61,123,3055,yes
2023-24,Damien,live,Almiron,Almirón,MID,,50,77,1930,yes
2023-24,Damien,blind,Rice,Rice,MID,,21,165,3225,yes
2023-24,Damien,blind,Rodrigo,Rodrigo,MID,,21,159,2931,yes
2023-24,Darryl,live,Salah,Salah,MID,,2000,211,2531,yes
2023-24,Darryl,live,Maddison,Maddison,MID,,900,117,2137,yes
2023-24,Darryl,live,Havertz,Havertz,MID,,500,180,2627,yes
2023-24,Darryl,live,Bowen,Bowen,MID,,400,182,3020,yes
2023-24,Darryl,blind,Hojlund,Højlund,FWD,,301,112,2156,yes
2023-24,Darryl,blind,Gabriel,Gabriel,DEF,,201,149,3042,yes
2023-24,Darryl,blind,Estupinan,Estupiñan,DEF,,151,57,1242,yes
2023-24,Darryl,blind,James,James,DEF,,151,11,416,yes
2023-24,Darryl,blind,Stones,Stones,DEF,,151,53,1061,yes
2023-24,Darryl,live,Pope,Pope,GK,,150,57,1345,yes
2023-24,Darryl,blind,Wissa,Wissa,FWD,,101,131,2488,yes
2023-24,Darryl,blind,Welbeck,Welbeck,FWD,,51,79,1687,yes
2023-24,Jonno,live,De Bruyne,De Bruyne,MID,,1900,98,1219,yes
2023-24,Jonno,live,Martinelli,Martinelli,MID,,700,118,2010,yes
2023-24,Jonno,live,N.Jackson,N.Jackson,FWD,,700,142,2801,yes
2023-24,Jonno,live,Grealish,Grealish,MID,,400,50,998,yes
2023-24,Jonno,live,Mitoma,Mitoma,MID,,400,74,1485,yes
2023-24,Jonno,blind,VAN DIJK,Virgil,DEF,,185,117,3177,yes
2023-24,Jonno,live,Solanke,Solanke,FWD,,150,175,3325,yes
2023-24,Jonno,live,Barnes,Barnes,MID,,150,64,788,yes
2023-24,Jonno,blind,Saliba,Saliba,DEF,,90,164,3420,yes
2023-24,Lakshman,live,Saka,Saka,MID,,1200,226,2922,yes
2023-24,Lakshman,live,Wilson,Wilson,MID,,900,94,1603,yes
2023-24,Lakshman,live,Alexander Arnold,Alexander-Arnold,DEF,,800,122,2153,yes
2023-24,Lakshman,live,Mount,Mount,MID,,500,23,509,yes
2023-24,Lakshman,live,Robertson,Robertson,DEF,,450,76,1689,yes
2023-24,Lakshman,live,Sterling,Sterling,MID,,400,123,1972,yes
2023-24,Lakshman,live,Mbeumo,Mbeumo,MID,,400,127,1957,yes
2023-24,Lakshman,blind,Vicario,Vicario,GK,,126,112,3420,yes
2023-24,Lakshman,live,Gakpo,Gakpo,FWD,,100,106,1633,yes
2023-24,Milo,live,Rashford,Rashford,MID,,2200,108,2264,yes
2023-24,Milo,live,Fernandes,B.Fernandes,MID,,1800,166,3118,yes
2023-24,Milo,live,Trossard,Trossard,MID,,300,138,1633,yes
2023-24,Milo,blind,Timber,J.Timber,DEF,,150,0,70,yes
2023-24,Milo,live,J.Alvarez,J.Alvarez,FWD,,150,158,2644,yes
2023-24,Milo,live,Awoniyi,Awoniyi,FWD,,150,67,1036,yes
2023-24,Milo,blind,Onana,Onana,GK,,100,133,3420,yes
2023-24,Milo,live,Bernado Silva,Bernardo,MID,,100,141,2576,yes
2023-24,Milo,blind,Raya,Raya,GK,,7,135,2880,yes
2023-24,Robbie,live,Odegaard,Ødegaard,MID,,1100,186,3098,yes
2023-24,Robbie,live,Watkins,Watkins,FWD,,900,228,3222,yes
2023-24,Robbie,live,Luis Diaz,Luis Díaz,MID,,500,142,2625,yes
2023-24,Robbie,live,Darwin,Darwin,FWD,,400,132,2033,yes
2023-24,Robbie,blind,Chilwell,Chilwell,DEF,,350,24,752,yes
2023-24,Robbie,blind,Shaw,Shaw,DEF,,350,31,960,yes
2023-24,Robbie,live,Eze,Eze,MID,,350,136,2054,yes
2023-24,Robbie,live,Ederson,Ederson M.,GK,,300,112,2785,yes
2023-24,Robbie,blind,Porro,Pedro Porro,DEF,,250,136,3090,yes
2023-24,Robbie,blind,Botman,Botman,DEF,,200,51,1375,yes
2023-24,Robbie,live,Antony,Antony,MID,,100,47,1311,yes
2023-24,Robbie,blind,Ben White*,White,DEF,,1,182,2987,yes
2023-24,Seb,live,Son,Son,MID,,1700,213,2934,yes
2023-24,Seb,live,Foden,Foden,MID,,700,230,2860,yes
2023-24,Seb,live,Szoboszlai,Szoboszlai,MID,,700,99,2102,yes
2023-24,Seb,live,Nkunku,Nkunku,FWD,,600,29,437,yes
2023-24,Seb,live,Ramsdale,Ramsdale,GK,,300,20,540,yes
2023-24,Seb,live,Mudryk,Mudryk,MID,,100,94,1564,yes
2023-24,Trent,live,Kane,Kane,FWD,,2000,0,0,yes
2023-24,Trent,live,Jesus,G.Jesus,FWD,,1200,85,1470,yes
2023-24,Trent,live,Isak,Isak,FWD,,700,172,2253,yes
2023-24,Trent,live,Martinez,Martinez,GK,,150,115,3015,yes
2023-24,Trent,live,March,March,MID,,150,39,555,yes
2023-24,Trent,blind,Gibbs White,Gibbs-White,MID,,101,142,3156,yes
2023-24,Trent,blind,Wilcock,Willock,MID,,61,18,415,yes
2023-24,Trent,blind,DanJuma,Danjuma,MID,,51,26,587,yes
2023-24,Trent,blind,Enciso,Enciso,MID,,51,20,468,yes
2023-24,Trent,blind,Olise,Olise,MID,,51,125,1272,yes
2023-24,Trent,blind,Roberts,Roberts,DEF,,51,12,817,yes
2023-24,Trent,blind,Ahmedhodzic,Ahmedhodžić,DEF,,5,31,2649,yes
2023-24,Trent,blind,Enzo Fernandez,Enzo,MID,,5,77,2208,yes
2023-24,Trent,blind,Johnston (CP),Johnstone,GK,,5,68,1796,yes
2025-26,Darryl,auction,Wood,Wood,FWD,NFO,399,41,896,yes
2025-26,Darryl,auction,Watkins,Watkins,FWD,AVL,275,167,2833,yes
2025-26,Darryl,auction,Wissa,Wissa,FWD,NEW,251,27,517,yes
2025-26,Darryl,auction,Ã˜degaard,Ødegaard,MID,ARS,200,74,1363,yes
2025-26,Darryl,auction,Gakpo,Gakpo,MID,LIV,175,131,2736,yes
2025-26,Darryl,auction,Gordon,Gordon,MID,NEW,150,101,1798,yes
2025-26,Darryl,auction,Romero,Romero,DEF,TOT,65,91,1869,yes
2025-26,Darryl,auction,Frimpong,Frimpong,DEF,LIV,60,63,1032,yes
2025-26,Darryl,auction,Tarkowski,Tarkowski,DEF,EVE,50,170,3330,yes
2025-26,Darryl,auction,SchÃ¤r,Schär,DEF,NEW,50,51,1089,yes
2025-26,Darryl,auction,SÃ¡nchez,Sánchez,GK,CHE,40,113,3040,yes
2025-26,Darryl,auction,Johnson,Johnson,MID,CRY,25,65,1710,yes
2025-26,Darryl,auction,MilenkoviÄ‡,Milenković,DEF,NFO,10,119,3375,yes
2025-26,Darryl,auction,Sels,Sels,GK,NFO,5,105,2667,yes
2025-26,Darryl,auction,Gibbs-White,Gibbs-White,MID,NFO,1,188,3101,yes
2025-26,Dom,auction,Haaland,Haaland,FWD,MCI,950,239,2953,yes
2025-26,Dom,auction,Donnarumma,Donnarumma,GK,MCI,190,135,3060,yes
2025-26,Dom,auction,Calafiori,Calafiori,DEF,ARS,130,109,1697,yes
2025-26,Dom,auction,AÃ¯t-Nouri,Aït-Nouri,DEF,MCI,110,60,971,yes
2025-26,Dom,auction,Grealish,Grealish,MID,EVE,110,79,1627,yes
2025-26,Dom,auction,Thiago,Thiago,FWD,BRE,90,181,3282,yes
2025-26,Dom,auction,MuÃ±oz,Muñoz,DEF,CRY,80,136,2400,yes
2025-26,Dom,auction,Enzo,Enzo,MID,CHE,70,157,3114,yes
2025-26,Dom,auction,Senesi,Senesi,DEF,BOU,50,175,3288,yes
2025-26,Dom,auction,Mitoma,Mitoma,MID,BHA,50,62,1714,yes
2025-26,Dom,auction,Burn,Burn,DEF,NEW,25,93,2195,yes
2025-26,Dom,auction,Evanilson,Evanilson,FWD,BOU,25,115,2741,yes
2025-26,Dom,auction,Tavernier,Tavernier,MID,BOU,10,137,2732,yes
2025-26,Dom,auction,Caicedo,Caicedo,MID,CHE,10,110,2796,yes
2025-26,Dom,auction,Roefs,Roefs,GK,SUN,5,136,3150,yes
2025-26,Lakshman,auction,Palmer,Palmer,MID,CHE,800,114,1954,yes
2025-26,Lakshman,auction,B.Fernandes,B.Fernandes,MID,MUN,525,235,3065,yes
2025-26,Lakshman,auction,JoÃ£o Pedro,João Pedro,FWD,CHE,450,177,2658,yes
2025-26,Lakshman,auction,Pope,Pope,GK,NEW,60,96,2416,yes
2025-26,Lakshman,auction,Elanga,Elanga,MID,NEW,50,48,1302,yes
2025-26,Lakshman,auction,Martinelli,Martinelli,MID,ARS,30,57,1065,yes
2025-26,Lakshman,auction,Richarlison,Richarlison,FWD,TOT,30,119,1954,yes
2025-26,Lakshman,auction,Diouf,Diouf,DEF,WHU,10,104,2706,yes
2025-26,Lakshman,auction,Reijnders,Reijnders,MID,MCI,10,92,1623,yes
2025-26,Lakshman,auction,Welbeck,Welbeck,FWD,BHA,10,126,2249,yes
2025-26,Lakshman,auction,Ballard,Ballard,DEF,SUN,5,116,2144,yes
2025-26,Lakshman,auction,Richards,Richards,DEF,CRY,5,128,2825,yes
2025-26,Lakshman,auction,Rodon,Rodon,DEF,LEE,5,109,2952,yes
2025-26,Lakshman,auction,Van de Ven,Van de Ven,DEF,TOT,5,116,3041,yes
2025-26,Lakshman,auction,Perri,Perri,GK,LEE,1,43,1440,yes
2025-26,Mayoori,auction,Isak,Isak,FWD,LIV,800,41,694,yes
2025-26,Mayoori,auction,Bowen,Bowen,FWD,WHU,225,187,3406,yes
2025-26,Mayoori,auction,Virgil,Virgil,DEF,LIV,170,175,3420,yes
2025-26,Mayoori,auction,Gvardiol,Gvardiol,DEF,MCI,120,79,1370,yes
2025-26,Mayoori,auction,Raya,Raya,GK,ARS,110,162,3330,yes
2025-26,Mayoori,auction,A.Becker,A.Becker,GK,LIV,100,91,2340,yes
2025-26,Mayoori,auction,Anthony,Anthony,MID,BUR,100,127,2717,yes
2025-26,Mayoori,auction,Gabriel,Gabriel,DEF,ARS,90,209,2750,yes
2025-26,Mayoori,auction,Kudus,Kudus,MID,TOT,80,75,1535,yes
2025-26,Mayoori,auction,Szoboszlai,Szoboszlai,MID,LIV,70,160,3232,yes
2025-26,Mayoori,auction,Foden,Foden,MID,MCI,50,131,2078,yes
2025-26,Mayoori,auction,James,James,DEF,CHE,20,115,1957,yes
2025-26,Mayoori,auction,Georginio,Georginio,MID,BHA,20,87,1776,yes
2025-26,Mayoori,auction,Kerkez,Kerkez,DEF,LIV,10,85,2251,yes
2025-26,Mayoori,auction,Foster,Foster,FWD,BUR,1,58,1361,yes
2025-26,Milo,auction,M.Salah,M.Salah,MID,LIV,1000,123,2144,yes
2025-26,Milo,auction,Cunha,Cunha,MID,MUN,225,143,2493,yes
2025-26,Milo,auction,EkitikÃ©,Ekitiké,FWD,LIV,150,125,1797,yes
2025-26,Milo,auction,Lacroix,Lacroix,DEF,CRY,115,154,3085,yes
2025-26,Milo,auction,Havertz,Havertz,FWD,ARS,100,36,577,yes
2025-26,Milo,auction,Vicario,Vicario,GK,TOT,95,90,2790,yes
2025-26,Milo,auction,J.Timber,J.Timber,DEF,ARS,80,149,2452,yes
2025-26,Milo,auction,Å eÅ¡ko,Šeško,FWD,MUN,75,111,1630,yes
2025-26,Milo,auction,Mitchell,Mitchell,DEF,CRY,45,135,3253,yes
2025-26,Milo,auction,Schade,Schade,MID,BRE,25,125,2744,yes
2025-26,Milo,auction,Sarr,Sarr,MID,CRY,10,117,2173,yes
2025-26,Milo,auction,L.PaquetÃ¡,L.Paquetá,MID,WHU,10,69,1513,yes
2025-26,Milo,auction,DÃºbravka,Dúbravka,GK,BUR,5,96,3150,yes
2025-26,Milo,auction,Gudmundsson,Gudmundsson,DEF,LEE,5,68,2637,yes
2025-26,Milo,auction,Van den Berg,Van den Berg,DEF,BRE,5,113,2761,yes
2025-26,Robbie,auction,GyÃ¶keres,Gyökeres,FWD,ARS,425,128,2217,yes
2025-26,Robbie,auction,Mbeumo,Mbeumo,MID,MUN,400,148,2611,yes
2025-26,Robbie,auction,Mateta,Mateta,FWD,CRY,200,114,2210,yes
2025-26,Robbie,auction,Rogers,Rogers,MID,AVL,125,169,3280,yes
2025-26,Robbie,auction,Eze,Eze,MID,ARS,125,113,1885,yes
2025-26,Robbie,auction,Chalobah,Chalobah,DEF,CHE,120,136,2780,yes
2025-26,Robbie,auction,O.Dango,O.Dango,MID,BRE,120,136,2271,yes
2025-26,Robbie,auction,Saliba,Saliba,DEF,ARS,100,137,2614,yes
2025-26,Robbie,auction,Pedro Porro,Pedro Porro,DEF,TOT,90,117,2793,yes
2025-26,Robbie,auction,Ndiaye,Ndiaye,MID,EVE,90,128,2781,yes
2025-26,Robbie,auction,Livramento,Livramento,DEF,NEW,85,59,1326,yes
2025-26,Robbie,auction,Kolo Muani,Kolo Muani,FWD,TOT,75,52,1655,yes
2025-26,Robbie,auction,Henderson,Henderson,GK,CRY,30,131,3330,yes
2025-26,Robbie,auction,Martinez,Martinez,GK,AVL,1,120,2835,yes
2025-26,Robbie,auction,Stones,Stones,DEF,MCI,1,16,436,yes
2025-26,Sara,auction,Saka,Saka,MID,ARS,700,157,2218,yes
2025-26,Sara,auction,Wirtz,Wirtz,MID,LIV,375,125,2374,yes
2025-26,Sara,auction,Semenyo,Semenyo,MID,MCI,200,202,3200,yes
2025-26,Sara,auction,Solanke,Solanke,FWD,TOT,175,40,997,yes
2025-26,Sara,auction,Cucurella,Cucurella,DEF,CHE,130,104,2706,yes
2025-26,Sara,auction,GuÃ©hi,Guéhi,DEF,MCI,95,179,3150,yes
2025-26,Sara,auction,Pickford,Pickford,GK,EVE,80,135,3420,yes
2025-26,Sara,auction,Isidor,Isidor,FWD,SUN,60,74,1148,yes
2025-26,Sara,auction,KonatÃ©,Konaté,DEF,LIV,50,129,3090,yes
2025-26,Sara,auction,Rice,Rice,MID,ARS,30,184,3093,yes
2025-26,Sara,auction,DiakitÃ©,Diakité,DEF,BOU,10,46,1275,yes
2025-26,Sara,auction,Rodrigo,Rodrigo,MID,MCI,10,69,1510,yes
2025-26,Sara,auction,Wilson,Wilson,FWD,WHU,10,80,1234,yes
2025-26,Sara,auction,Kelleher,Kelleher,GK,BRE,5,143,3330,yes
2025-26,Sara,auction,Mings,Mings,DEF,AVL,1,50,1322,yes
2026-27,Darryl,auction,B.Fernandes,B.Fernandes,MID,MUN,900,,,n/a
2026-27,Darryl,auction,Rice,Rice,MID,ARS,380,,,n/a
2026-27,Darryl,auction,Virgil,Virgil,DEF,LIV,280,,,n/a
2026-27,Darryl,auction,Calvert-Lewin,Calvert-Lewin,FWD,LEE,275,,,n/a
2026-27,Darryl,auction,O'Reilly,O'Reilly,DEF,MCI,275,,,n/a
2026-27,Darryl,auction,Rogers,Rogers,MID,CHE,210,,,n/a
2026-27,Darryl,auction,Eze,Eze,MID,ARS,60,,,n/a
2026-27,Darryl,auction,Shaw,Shaw,DEF,MUN,50,,,n/a
2026-27,Darryl,auction,Colwill,Colwill,DEF,CHE,50,,,n/a
2026-27,Darryl,auction,Anderson,Anderson,MID,MCI,30,,,n/a
2026-27,Darryl,auction,Verbruggen,Verbruggen,GK,BHA,10,,,n/a
2026-27,Darryl,auction,Brobbey,Brobbey,FWD,SUN,5,,,n/a
2026-27,Darryl,auction,Strand Larsen,Strand Larsen,FWD,CRY,5,,,n/a
2026-27,Darryl,auction,Calafiori,Calafiori,DEF,ARS,1,,,n/a
2026-27,Darryl,auction,Sánchez,Sánchez,GK,CHE,1,,,n/a
2026-27,Lakshman,auction,Haaland,Haaland,FWD,MCI,1350,,,n/a
2026-27,Lakshman,auction,João Pedro,João Pedro,FWD,CHE,540,,,n/a
2026-27,Lakshman,auction,Palmer,Palmer (CHE),MID,CHE,525,,,n/a
2026-27,Lakshman,auction,Pickford,Pickford,GK,EVE,115,,,n/a
2026-27,Lakshman,auction,Mateta,Mateta,FWD,CRY,60,,,n/a
2026-27,Lakshman,auction,Gravenberch,Gravenberch,MID,LIV,15,,,n/a
2026-27,Lakshman,auction,Schade,Schade,MID,BRE,5,,,n/a
2026-27,Lakshman,auction,Maddison,Maddison,MID,TOT,5,,,n/a
2026-27,Lakshman,auction,E.Le Fée,E.Le Fée,MID,SUN,5,,,n/a
2026-27,Lakshman,auction,Kinsky,Kinsky,GK,TOT,1,,,n/a
2026-27,Lakshman,auction,Van Hecke,Van Hecke,DEF,TOT,1,,,n/a
2026-27,Lakshman,auction,Gvardiol,Gvardiol,DEF,MCI,1,,,n/a
2026-27,Lakshman,auction,Rúben,Rúben,DEF,MCI,1,,,n/a
2026-27,Lakshman,auction,Mosquera,Mosquera,DEF,ARS,1,,,n/a
2026-27,Lakshman,auction,Hato,Hato,DEF,CHE,1,,,n/a
2026-27,Milo,auction,Gabriel,Gabriel,DEF,ARS,510,,,n/a
2026-27,Milo,auction,Semenyo,Semenyo,MID,MCI,330,,,n/a
2026-27,Milo,auction,Tarkowski,Tarkowski,DEF,EVE,280,,,n/a
2026-27,Milo,auction,Raya,Raya,GK,ARS,240,,,n/a
2026-27,Milo,auction,Guéhi,Guéhi,DEF,MCI,200,,,n/a
2026-27,Milo,auction,Lacroix,Lacroix,DEF,CRY,130,,,n/a
2026-27,Milo,auction,Sarr,Sarr,MID,CRY,105,,,n/a
2026-27,Milo,auction,Gakpo,Gakpo,MID,LIV,100,,,n/a
2026-27,Milo,auction,Senesi,Senesi,DEF,TOT,55,,,n/a
2026-27,Milo,auction,Tavernier,Tavernier,MID,BOU,50,,,n/a
2026-27,Milo,auction,Rashford,Rashford,MID,MUN,20,,,n/a
2026-27,Milo,auction,Kelleher,Kelleher,GK,BRE,15,,,n/a
2026-27,Milo,auction,Igor Jesus,Igor Jesus,FWD,NFO,10,,,n/a
2026-27,Milo,auction,N.Jackson,N.Jackson,FWD,CHE,5,,,n/a
2026-27,Milo,auction,Richarlison,Richarlison,FWD,TOT,5,,,n/a
2026-27,Raymond,auction,Szoboszlai,Szoboszlai,MID,LIV,420,,,n/a
2026-27,Raymond,auction,Enzo,Enzo,MID,CHE,380,,,n/a
2026-27,Raymond,auction,Cunha,Cunha,MID,MUN,370,,,n/a
2026-27,Raymond,auction,Gyökeres,Gyökeres,FWD,ARS,180,,,n/a
2026-27,Raymond,auction,Bruno G.,Bruno G.,MID,NEW,70,,,n/a
2026-27,Raymond,auction,Henderson,Henderson (CRY),GK,CRY,60,,,n/a
2026-27,Raymond,auction,Tielemans,Tielemans,MID,MUN,50,,,n/a
2026-27,Raymond,auction,Maguire,Maguire,DEF,MUN,50,,,n/a
2026-27,Raymond,auction,Saliba,Saliba,DEF,ARS,25,,,n/a
2026-27,Raymond,auction,Woltemade,Woltemade,FWD,NEW,15,,,n/a
2026-27,Raymond,auction,Roefs,Roefs,GK,SUN,15,,,n/a
2026-27,Raymond,auction,Keane,Keane,DEF,EVE,10,,,n/a
2026-27,Raymond,auction,McBurnie,McBurnie,FWD,HUL,1,,,n/a
2026-27,Raymond,auction,Thomas,Thomas,DEF,COV,1,,,n/a
2026-27,Raymond,auction,Kayode,Kayode,DEF,BRE,1,,,n/a
2026-27,Robbie,auction,Mukiele,Mukiele,DEF,SUN,300,,,n/a
2026-27,Robbie,auction,Donnarumma,Donnarumma,GK,MCI,150,,,n/a
2026-27,Robbie,auction,Van de Ven,Van de Ven,DEF,TOT,50,,,n/a
2026-27,Robbie,auction,F.Kadıoğlu,F.Kadıoğlu,DEF,BHA,50,,,n/a
2026-27,Robbie,auction,Kerkez,Kerkez,DEF,LIV,50,,,n/a
2026-27,Robbie,auction,Trafford,Trafford,GK,MCI,1,,,n/a
2026-27,Robbie,auction,Hill,Hill,DEF,BOU,1,,,n/a
2026-27,Robbie,auction,Wilson,Wilson (LEE),MID,LEE,1,,,n/a
2026-27,Robbie,auction,Cherki,Cherki,MID,MCI,1,,,n/a
2026-27,Robbie,auction,Mitoma,Mitoma,MID,BHA,1,,,n/a
2026-27,Robbie,auction,Barnes,Barnes,MID,NEW,1,,,n/a
2026-27,Robbie,auction,Neto,Neto,MID,CHE,1,,,n/a
2026-27,Robbie,auction,Wissa,Wissa,FWD,NEW,1,,,n/a
2026-27,Robbie,auction,Havertz,Havertz,FWD,ARS,1,,,n/a
2026-27,Robbie,auction,Wood,Wood,FWD,NFO,1,,,n/a
2026-27,Trent,auction,Saka,Saka,MID,ARS,700,,,n/a
2026-27,Trent,auction,Watkins,Watkins,FWD,AVL,570,,,n/a
2026-27,Trent,auction,Mbeumo,Mbeumo,MID,MUN,420,,,n/a
2026-27,Trent,auction,Muñoz,Muñoz,DEF,CRY,260,,,n/a
2026-27,Trent,auction,Pedro Porro,Pedro Porro,DEF,TOT,220,,,n/a
2026-27,Trent,auction,Matheus N.,Matheus N.,DEF,MCI,200,,,n/a
2026-27,Trent,auction,J.Timber,J.Timber,DEF,ARS,160,,,n/a
2026-27,Trent,auction,A.Becker,A.Becker,GK,LIV,120,,,n/a
2026-27,Trent,auction,James,James (CHE),DEF,CHE,55,,,n/a
2026-27,Trent,auction,Solanke,Solanke,FWD,TOT,50,,,n/a
2026-27,Trent,auction,Evanilson,Evanilson,FWD,BOU,50,,,n/a
2026-27,Trent,auction,O.Dango,O.Dango,MID,BRE,35,,,n/a
2026-27,Trent,auction,Dewsbury-Hall,Dewsbury-Hall,MID,EVE,35,,,n/a
2026-27,Trent,auction,Martinez,Martinez (AVL),GK,AVL,20,,,n/a
2026-27,Trent,auction,Ødegaard,Ødegaard,MID,ARS,5,,,n/a
2026-27,Varun,auction,Isak,Isak,FWD,LIV,500,,,n/a
2026-27,Varun,auction,Gibbs-White,Gibbs-White,MID,NFO,490,,,n/a
2026-27,Varun,auction,Thiago,Thiago,FWD,BRE,490,,,n/a
2026-27,Varun,auction,Šeško,Šeško,FWD,MUN,410,,,n/a
2026-27,Varun,auction,Wirtz,Wirtz,MID,LIV,290,,,n/a
2026-27,Varun,auction,N.Williams,N.Williams,DEF,NFO,180,,,n/a
2026-27,Varun,auction,Truffert,Truffert,DEF,BOU,180,,,n/a
2026-27,Varun,auction,Ndiaye,Ndiaye,MID,EVE,80,,,n/a
2026-27,Varun,auction,Doku,Doku,MID,MCI,60,,,n/a
2026-27,Varun,auction,Hall,Hall,DEF,NEW,60,,,n/a
2026-27,Varun,auction,Lammens,Lammens,GK,MUN,50,,,n/a
2026-27,Varun,auction,Petrović,Petrović,GK,BOU,20,,,n/a
2026-27,Varun,auction,Richards,Richards,DEF,CRY,6,,,n/a
2026-27,Varun,auction,Rayan,Rayan,MID,BOU,5,,,n/a
2026-27,Varun,auction,Jacquet,Jacquet,DEF,LIV,1,,,n/a
